term,estimate,std.error,statistic,p.value,conf.low,conf.high,standardized_estimate,outcome,status,Category_self,FDR
M45_status,-0.063524966,0.173956081,-0.365178185,0.714980685,-0.404484821,0.27743489,-0.002403664,Ascending.aorta.distensibility...Instance.2,M45_status,ascending,0.714980685
M45_status,-14.11478486,24.0580697,-0.586696482,0.557411146,-61.26927551,33.0397058,-0.003618687,Ascending.aorta.maximum.area...Instance.2,M45_status,ascending,0.714980685
M45_status,-12.09442931,23.31259108,-0.518793869,0.603907593,-57.78776098,33.59890236,-0.003180739,Ascending.aorta.minimum.area...Instance.2,M45_status,ascending,0.714980685
M45_status,-0.129440239,0.204814491,-0.631987699,0.527399187,-0.530883632,0.272003154,-0.004240107,Descending.aorta.distensibility...Instance.2,M45_status,descending aorta,0.622122558
M45_status,-7.593769682,10.85906464,-0.699302374,0.484367474,-28.87784062,13.69030125,-0.003790101,Descending.aorta.maximum.area...Instance.2,M45_status,descending aorta,0.622122558
M45_status,-4.985983324,10.11666527,-0.492848502,0.622122558,-24.8149307,14.84296405,-0.002628401,Descending.aorta.minimum.area...Instance.2,M45_status,descending aorta,0.622122558
M45_status,-0.478070539,1.282486386,-0.37276851,0.709322777,-2.991776053,2.035634974,-0.002445836,LA.ejection.fraction...Instance.2,M45_status,LA,0.937500691
M45_status,-1.982208793,3.031625692,-0.653843513,0.513216503,-7.92427126,3.959853674,-0.004101458,LA.maximum.volume...Instance.2,M45_status,LA,0.937500691
M45_status,0.16358539,2.086227654,0.078412052,0.937500691,-3.925473187,4.252643968,0.00050299,LA.minimum.volume...Instance.2,M45_status,LA,0.937500691
M45_status,-2.145773691,1.503879434,-1.42682561,0.153638211,-5.093415137,0.801867755,-0.008860683,LA.stroke.volume...Instance.2,M45_status,LA,0.614552845
M45_status,0.031699864,0.152834049,0.207413628,0.835687917,-0.267858607,0.331258336,0.001228709,LV.cardiac.output...Instance.2,M45_status,LV,0.924867329
M45_status,-0.284816865,0.710238007,-0.401016085,0.688410469,-1.676900798,1.107267068,-0.002595055,LV.circumferential.strain.AHA.1...Instance.2,M45_status,Ecc,0.84081836
M45_status,-0.501887576,0.65072777,-0.771271181,0.440550863,-1.777329983,0.773554831,-0.005070138,LV.circumferential.strain.AHA.10...Instance.2,M45_status,Ecc,0.812755672
M45_status,0.46967498,0.722820892,0.649780582,0.515837774,-0.947071717,1.886421677,0.004178969,LV.circumferential.strain.AHA.11...Instance.2,M45_status,Ecc,0.812755672
M45_status,-0.213154879,0.684831633,-0.311251508,0.755611085,-1.555441696,1.129131938,-0.001992619,LV.circumferential.strain.AHA.12...Instance.2,M45_status,Ecc,0.84081836
M45_status,1.167550689,0.788593657,1.480547907,0.138735129,-0.378112243,2.71321362,0.009420119,LV.circumferential.strain.AHA.13...Instance.2,M45_status,Ecc,0.812755672
M45_status,0.651524895,0.786638841,0.828238908,0.40754026,-0.890306549,2.193356339,0.005340925,LV.circumferential.strain.AHA.14...Instance.2,M45_status,Ecc,0.812755672
M45_status,0.056381161,0.88584801,0.06364654,0.949251998,-1.67990269,1.792665013,0.000418967,LV.circumferential.strain.AHA.15...Instance.2,M45_status,Ecc,0.949251998
M45_status,0.614585543,0.793292489,0.774727546,0.438505347,-0.940287214,2.169458301,0.005073988,LV.circumferential.strain.AHA.16...Instance.2,M45_status,Ecc,0.812755672
M45_status,1.078162916,0.900719438,1.197001941,0.231313043,-0.6872693,2.843595131,0.007186965,LV.circumferential.strain.AHA.2...Instance.2,M45_status,Ecc,0.812755672
M45_status,0.899925086,0.772804346,1.164492787,0.244231458,-0.614790408,2.41464058,0.007609944,LV.circumferential.strain.AHA.3...Instance.2,M45_status,Ecc,0.812755672
M45_status,0.231381743,0.764814115,0.302533307,0.762247154,-1.267672701,1.730436187,0.001994525,LV.circumferential.strain.AHA.4...Instance.2,M45_status,Ecc,0.84081836
M45_status,0.710961231,0.713653499,0.996227486,0.319145782,-0.68781715,2.109739612,0.006337005,LV.circumferential.strain.AHA.5...Instance.2,M45_status,Ecc,0.812755672
M45_status,0.464276277,0.731971785,0.634281658,0.525900729,-0.970406395,1.89895895,0.004157274,LV.circumferential.strain.AHA.6...Instance.2,M45_status,Ecc,0.812755672
M45_status,0.189391042,0.715902092,0.264548803,0.791358456,-1.213794637,1.59257672,0.00166557,LV.circumferential.strain.AHA.7...Instance.2,M45_status,Ecc,0.84081836
M45_status,0.552143621,0.746732467,0.739412903,0.459660741,-0.91147035,2.015757593,0.00474906,LV.circumferential.strain.AHA.8...Instance.2,M45_status,Ecc,0.812755672
M45_status,-0.347062546,0.885234677,-0.392057106,0.695018153,-2.08214425,1.388019158,-0.002531808,LV.circumferential.strain.AHA.9...Instance.2,M45_status,Ecc,0.84081836
M45_status,0.358233222,0.431702565,0.829814901,0.406648502,-0.487914407,1.20438085,0.005148649,LV.circumferential.strain.global...Instance.2,M45_status,Ecc,0.812755672
M45_status,-0.143141358,0.799210431,-0.179103466,0.857857385,-1.709613343,1.423330626,-0.001133598,LV.ejection.fraction...Instance.2,M45_status,LV,0.924867329
M45_status,-0.335899141,3.561836606,-0.094305039,0.924867329,-7.317185968,6.645387687,-0.000483582,LV.end.diastolic.volume...Instance.2,M45_status,LV,0.924867329
M45_status,0.45395544,2.153566379,0.210792407,0.833050358,-3.767087312,4.674998193,0.001137916,LV.end.systolic.volume...Instance.2,M45_status,LV,0.924867329
M45_status,0.563092454,0.374819684,1.502302249,0.133027358,-0.171563971,1.297748879,0.009759703,LV.longitudinal.strain.global...Instance.2,M45_status,Ell,0.465595752
M45_status,1.227122594,0.961178391,1.276685582,0.201721058,-0.65681231,3.111057498,0.008478454,LV.longitudinal.strain.Segment.1...Instance.2,M45_status,Ell,0.470682469
M45_status,0.343846806,1.012090924,0.339739047,0.734054927,-1.639878,2.327571611,0.002227782,LV.longitudinal.strain.Segment.2...Instance.2,M45_status,Ell,0.734054927
M45_status,1.200914011,0.684873848,1.753482066,0.079527338,-0.141456722,2.543284743,0.011533539,LV.longitudinal.strain.Segment.3...Instance.2,M45_status,Ell,0.465595752
M45_status,0.70573002,0.759033647,0.929774355,0.352493819,-0.781995866,2.193455905,0.005972897,LV.longitudinal.strain.Segment.4...Instance.2,M45_status,Ell,0.616864183
M45_status,0.237813399,0.638171809,0.372647923,0.709412574,-1.013020111,1.488646909,0.0024959,LV.longitudinal.strain.Segment.5...Instance.2,M45_status,Ell,0.734054927
M45_status,0.277896636,0.667599683,0.416262384,0.67722036,-1.03061628,1.586409551,0.002746607,LV.longitudinal.strain.Segment.6...Instance.2,M45_status,Ell,0.734054927
M45_status,0.0486426,0.132475878,0.367180811,0.713486134,-0.211013368,0.308298568,0.002068457,LV.mean.myocardial.wall.thickness.AHA.1...Instance.2,M45_status,WT,0.976294142
M45_status,0.120109484,0.092212724,1.30252614,0.192744242,-0.060629717,0.300848684,0.006187047,LV.mean.myocardial.wall.thickness.AHA.10...Instance.2,M45_status,WT,0.976294142
M45_status,0.00254791,0.085743596,0.02971545,0.976294142,-0.165511642,0.170607461,0.000145087,LV.mean.myocardial.wall.thickness.AHA.11...Instance.2,M45_status,WT,0.976294142
M45_status,0.022427532,0.085604883,0.261988935,0.79333135,-0.145360137,0.190215201,0.001289364,LV.mean.myocardial.wall.thickness.AHA.12...Instance.2,M45_status,WT,0.976294142
M45_status,-0.024289354,0.082765364,-0.293472454,0.769162606,-0.186511496,0.137932787,-0.001533125,LV.mean.myocardial.wall.thickness.AHA.13...Instance.2,M45_status,WT,0.976294142
M45_status,-0.056281344,0.087263576,-0.644958035,0.518958157,-0.227320092,0.114757404,-0.003239184,LV.mean.myocardial.wall.thickness.AHA.14...Instance.2,M45_status,WT,0.976294142
M45_status,0.036806751,0.087734161,0.419525878,0.674834146,-0.135154356,0.208767858,0.002162713,LV.mean.myocardial.wall.thickness.AHA.15...Instance.2,M45_status,WT,0.976294142
M45_status,-0.008923983,0.08844983,-0.100893156,0.919635792,-0.182287818,0.164439853,-0.000525452,LV.mean.myocardial.wall.thickness.AHA.16...Instance.2,M45_status,WT,0.976294142
M45_status,0.036748228,0.148676673,0.247168757,0.804778919,-0.254661696,0.328158153,0.00153367,LV.mean.myocardial.wall.thickness.AHA.2...Instance.2,M45_status,WT,0.976294142
M45_status,-0.102063532,0.143206398,-0.712702321,0.476034223,-0.382751583,0.178624519,-0.004326434,LV.mean.myocardial.wall.thickness.AHA.3...Instance.2,M45_status,WT,0.976294142
M45_status,-0.106012042,0.117176197,-0.904723357,0.365617526,-0.335680261,0.123656177,-0.004894237,LV.mean.myocardial.wall.thickness.AHA.4...Instance.2,M45_status,WT,0.976294142
M45_status,-0.144852911,0.101752181,-1.423585319,0.154574509,-0.344289681,0.054583858,-0.007577857,LV.mean.myocardial.wall.thickness.AHA.5...Instance.2,M45_status,WT,0.976294142
M45_status,-0.148197093,0.104249277,-1.421564705,0.155160614,-0.352528231,0.056134046,-0.007605492,LV.mean.myocardial.wall.thickness.AHA.6...Instance.2,M45_status,WT,0.976294142
M45_status,0.017430468,0.089462062,0.194836422,0.845522018,-0.157917366,0.192778302,0.000974661,LV.mean.myocardial.wall.thickness.AHA.7...Instance.2,M45_status,WT,0.976294142
M45_status,0.012813168,0.105861069,0.121037579,0.903661891,-0.194677124,0.220303459,0.000622047,LV.mean.myocardial.wall.thickness.AHA.8...Instance.2,M45_status,WT,0.976294142
M45_status,0.014881821,0.113787543,0.130786027,0.895945248,-0.208144553,0.237908194,0.000634851,LV.mean.myocardial.wall.thickness.AHA.9...Instance.2,M45_status,WT,0.976294142
M45_status,-0.032269842,0.07444039,-0.433499101,0.664654605,-0.178174832,0.113635148,-0.002027113,LV.mean.myocardial.wall.thickness.global...Instance.2,M45_status,WT,0.976294142
M45_status,-0.379480351,1.938009244,-0.195809361,0.844760397,-4.17802585,3.419065148,-0.000830534,LV.myocardial.mass...Instance.2,M45_status,LV,0.924867329
M45_status,1.71738928,1.738383715,0.987923014,0.323196456,-1.689885486,5.124664046,0.006402266,LV.radial.strain.AHA.1...Instance.2,M45_status,Err,0.657447535
M45_status,-1.610525902,1.798336403,-0.895564311,0.370491007,-5.135309409,1.914257605,-0.0057253,LV.radial.strain.AHA.10...Instance.2,M45_status,Err,0.657447535
M45_status,-1.03020013,1.654681812,-0.622597119,0.533552929,-4.273417112,2.213016852,-0.003946391,LV.radial.strain.AHA.11...Instance.2,M45_status,Err,0.8245818
M45_status,-0.628275098,1.702677027,-0.368992526,0.71213529,-3.965563879,2.709013684,-0.0023442,LV.radial.strain.AHA.12...Instance.2,M45_status,Err,0.87866939
M45_status,2.501702536,1.796392222,1.392626012,0.163740818,-1.019270328,6.022675401,0.008987334,LV.radial.strain.AHA.13...Instance.2,M45_status,Err,0.556718781
M45_status,3.159600476,1.696142284,1.8628157,0.062495681,-0.164880048,6.484081,0.01195861,LV.radial.strain.AHA.14...Instance.2,M45_status,Err,0.384542715
M45_status,0.950047712,1.92599326,0.493276759,0.621819814,-2.824946369,4.725041794,0.00318295,LV.radial.strain.AHA.15...Instance.2,M45_status,Err,0.87866939
M45_status,-1.58067331,1.826174346,-0.86556539,0.386733844,-5.160019868,1.998673249,-0.005642936,LV.radial.strain.AHA.16...Instance.2,M45_status,Err,0.657447535
M45_status,-1.753411514,1.537701689,-1.140280671,0.254176361,-4.767344582,1.260521555,-0.007204569,LV.radial.strain.AHA.2...Instance.2,M45_status,Err,0.617285447
M45_status,-3.648399368,1.73606456,-2.101534385,0.035600454,-7.051128534,-0.245670202,-0.012970769,LV.radial.strain.AHA.3...Instance.2,M45_status,Err,0.384542715
M45_status,-4.144200807,2.269572892,-1.825982687,0.067860479,-8.592619403,0.304217789,-0.011255309,LV.radial.strain.AHA.4...Instance.2,M45_status,Err,0.384542715
M45_status,0.027623799,2.079617244,0.013283117,0.989401985,-4.048477063,4.103724662,8.47E-05,LV.radial.strain.AHA.5...Instance.2,M45_status,Err,0.989401985
M45_status,4.055088142,2.410357344,1.682359735,0.092507075,-0.669271438,8.779447722,0.01101616,LV.radial.strain.AHA.6...Instance.2,M45_status,Err,0.39315507
M45_status,0.617145886,1.745121299,0.353640682,0.723610086,-2.80333471,4.037626482,0.002254228,LV.radial.strain.AHA.7...Instance.2,M45_status,Err,0.87866939
M45_status,0.316617557,1.39990625,0.226170543,0.821069961,-2.427233068,3.060468181,0.001445451,LV.radial.strain.AHA.8...Instance.2,M45_status,Err,0.930545955
M45_status,1.913104645,1.558306055,1.227682225,0.21957366,-1.141213486,4.967422775,0.007772672,LV.radial.strain.AHA.9...Instance.2,M45_status,Err,0.617285447
M45_status,0.062343243,1.060401644,0.058792104,0.953117998,-2.016070016,2.140756502,0.000363607,LV.radial.strain.global...Instance.2,M45_status,Err,0.989401985
M45_status,-0.789744872,2.209985744,-0.357352926,0.720829535,-5.121370959,3.541881215,-0.001999442,LV.stroke.volume...Instance.2,M45_status,LV,0.924867329
M45_status,0.218627484,1.242126545,0.176010637,0.860286504,-2.215971729,2.653226697,0.001129541,RA.ejection.fraction...Instance.2,M45_status,RA,0.976659786
M45_status,-0.461425988,3.43991189,-0.134138897,0.893293438,-7.203739653,6.280887678,-0.000808598,RA.maximum.volume...Instance.2,M45_status,RA,0.976659786
M45_status,-0.513001235,2.370369792,-0.216422449,0.828659607,-5.158985536,4.132983065,-0.001292292,RA.minimum.volume...Instance.2,M45_status,RA,0.976659786
M45_status,0.051579331,1.76297511,0.029256982,0.976659786,-3.403896145,3.507054806,0.000188594,RA.stroke.volume...Instance.2,M45_status,RA,0.976659786
M45_status,0.033020388,0.792954277,0.041642235,0.966784116,-1.52118938,1.587230157,0.000258437,RV.ejection.fraction...Instance.2,M45_status,RV,0.966784116
M45_status,-2.488261224,3.697555502,-0.672947633,0.50098457,-9.735560405,4.759037957,-0.00326386,RV.end.diastolic.volume...Instance.2,M45_status,RV,0.787258836
M45_status,-1.250195727,2.147783238,-0.582086546,0.560511731,-5.459903382,2.959511928,-0.002875189,RV.end.systolic.volume...Instance.2,M45_status,RV,0.787258836
M45_status,-1.238017023,2.300304721,-0.538196967,0.590444127,-5.746670515,3.270636468,-0.002965582,RV.stroke.volume...Instance.2,M45_status,RV,0.787258836
M46_status,-0.039675959,0.110861927,-0.357886243,0.720430679,-0.256969119,0.177617202,-0.002166695,Ascending.aorta.distensibility...Instance.2,M46_status,ascending,0.720430679
M46_status,-30.95846868,15.73769644,-1.967153757,0.049172937,-61.80479463,-0.11214273,-0.01145506,Ascending.aorta.maximum.area...Instance.2,M46_status,ascending,0.09292519
M46_status,-28.46750286,15.25010198,-1.866709016,0.061950127,-58.35813002,1.423124292,-0.010805208,Ascending.aorta.minimum.area...Instance.2,M46_status,ascending,0.09292519
M46_status,0.021765364,0.130528648,0.16674779,0.867569498,-0.234075242,0.27760597,0.001028998,Descending.aorta.distensibility...Instance.2,M46_status,descending aorta,0.867569498
M46_status,-15.00641159,7.103463874,-2.112548449,0.034646107,-28.9293998,-1.083423374,-0.010809644,Descending.aorta.maximum.area...Instance.2,M46_status,descending aorta,0.05196916
M46_status,-15.07606669,6.617735964,-2.278130584,0.022724466,-28.04701459,-2.105118793,-0.011470172,Descending.aorta.minimum.area...Instance.2,M46_status,descending aorta,0.05196916
M46_status,-1.199307625,0.850383927,-1.410313139,0.158455254,-2.866081471,0.467466221,-0.008855377,LA.ejection.fraction...Instance.2,M46_status,LA,0.39725891
M46_status,-1.91604709,2.010228924,-0.953148702,0.340520669,-5.856146248,2.024052068,-0.005721847,LA.maximum.volume...Instance.2,M46_status,LA,0.454027558
M46_status,-0.634134265,1.383353541,-0.458403616,0.646665061,-3.345541935,2.077273404,-0.002814087,LA.minimum.volume...Instance.2,M46_status,LA,0.646665061
M46_status,-1.281905002,0.997212685,-1.285488063,0.198629455,-3.236466899,0.672656895,-0.007639769,LA.stroke.volume...Instance.2,M46_status,LA,0.39725891
M46_status,-0.086930311,0.102687128,-0.846555093,0.397248317,-0.288199593,0.11433897,-0.004862999,LV.cardiac.output...Instance.2,M46_status,LV,0.595872475
M46_status,0.750867614,0.47718965,1.573520328,0.115606462,-0.184435817,1.686171045,0.009873825,LV.circumferential.strain.AHA.1...Instance.2,M46_status,Ecc,0.696217243
M46_status,0.24928771,0.437220763,0.57016439,0.568569477,-0.607675722,1.106251141,0.00363459,LV.circumferential.strain.AHA.10...Instance.2,M46_status,Ecc,0.774698
M46_status,-0.148743922,0.485660138,-0.30627163,0.759399466,-1.100649718,0.803161873,-0.001910083,LV.circumferential.strain.AHA.11...Instance.2,M46_status,Ecc,0.798737842
M46_status,-0.389449045,0.460129756,-0.84638961,0.397340604,-1.291314665,0.512416576,-0.005254371,LV.circumferential.strain.AHA.12...Instance.2,M46_status,Ecc,0.696217243
M46_status,-0.436982917,0.529860571,-0.82471303,0.409539555,-1.475522645,0.601556812,-0.005088459,LV.circumferential.strain.AHA.13...Instance.2,M46_status,Ecc,0.696217243
M46_status,-0.511653113,0.528535223,-0.968058684,0.33302104,-1.547595128,0.524288903,-0.00605344,LV.circumferential.strain.AHA.14...Instance.2,M46_status,Ecc,0.696217243
M46_status,-0.274538463,0.595193251,-0.461259368,0.644615094,-1.441131851,0.892054924,-0.002944357,LV.circumferential.strain.AHA.15...Instance.2,M46_status,Ecc,0.774698
M46_status,-0.23900156,0.533010171,-0.448399624,0.653867294,-1.283714584,0.805711463,-0.002847797,LV.circumferential.strain.AHA.16...Instance.2,M46_status,Ecc,0.774698
M46_status,-0.54133787,0.605191729,-0.894489868,0.371065345,-1.72752852,0.644852779,-0.005207996,LV.circumferential.strain.AHA.2...Instance.2,M46_status,Ecc,0.696217243
M46_status,0.624179058,0.519241031,1.202098872,0.229332491,-0.393546113,1.641904229,0.007617727,LV.circumferential.strain.AHA.3...Instance.2,M46_status,Ecc,0.696217243
M46_status,-1.055728422,0.513845954,-2.054562099,0.039927939,-2.062879109,-0.048577735,-0.013134204,LV.circumferential.strain.AHA.4...Instance.2,M46_status,Ecc,0.678774966
M46_status,0.195453874,0.479503655,0.407617069,0.683557059,-0.744385064,1.135292812,0.002514337,LV.circumferential.strain.AHA.5...Instance.2,M46_status,Ecc,0.774698
M46_status,-0.460655054,0.491803538,-0.936664783,0.348936792,-1.424602065,0.503291957,-0.005953182,LV.circumferential.strain.AHA.6...Instance.2,M46_status,Ecc,0.696217243
M46_status,-0.12264906,0.481009441,-0.254982646,0.798737842,-1.065439375,0.820141255,-0.001556714,LV.circumferential.strain.AHA.7...Instance.2,M46_status,Ecc,0.798737842
M46_status,-0.547566535,0.501719988,-1.091378752,0.275112971,-1.530950031,0.435816962,-0.006797256,LV.circumferential.strain.AHA.8...Instance.2,M46_status,Ecc,0.696217243
M46_status,0.641160517,0.594775087,1.077988186,0.281045668,-0.524613258,1.806934292,0.006750423,LV.circumferential.strain.AHA.9...Instance.2,M46_status,Ecc,0.696217243
M46_status,-0.202383372,0.290058562,-0.697732798,0.485348455,-0.770905275,0.366138531,-0.004198009,LV.circumferential.strain.global...Instance.2,M46_status,Ecc,0.750083975
M46_status,0.288987009,0.536981517,0.538169379,0.590463171,-0.763509892,1.34148391,0.003303036,LV.ejection.fraction...Instance.2,M46_status,LV,0.708555805
M46_status,-3.060885822,2.393120722,-1.279035276,0.200892198,-7.751460944,1.6296893,-0.006359894,LV.end.diastolic.volume...Instance.2,M46_status,LV,0.595872475
M46_status,-1.5953511,1.446942921,-1.102566713,0.270222135,-4.4313946,1.2406924,-0.005771576,LV.end.systolic.volume...Instance.2,M46_status,LV,0.595872475
M46_status,0.359004356,0.248240614,1.446195089,0.148130719,-0.127553767,0.845562479,0.008980443,LV.longitudinal.strain.global...Instance.2,M46_status,Ell,0.237766418
M46_status,1.456172414,0.636550807,2.287598096,0.022166393,0.208516106,2.703828722,0.014520536,LV.longitudinal.strain.Segment.1...Instance.2,M46_status,Ell,0.155164751
M46_status,1.288826997,0.670268356,1.922852222,0.05450606,-0.024916593,2.602570588,0.012051568,LV.longitudinal.strain.Segment.2...Instance.2,M46_status,Ell,0.19077121
M46_status,0.082084988,0.453604602,0.180961541,0.856398726,-0.806991947,0.971161923,0.001137773,LV.longitudinal.strain.Segment.3...Instance.2,M46_status,Ell,0.858633595
M46_status,-0.797040737,0.502691023,-1.585547983,0.112850185,-1.782328346,0.188246871,-0.00973572,LV.longitudinal.strain.Segment.4...Instance.2,M46_status,Ell,0.237766418
M46_status,-0.075281519,0.42265677,-0.178115019,0.858633595,-0.90369989,0.753136853,-0.001140303,LV.longitudinal.strain.Segment.5...Instance.2,M46_status,Ell,0.858633595
M46_status,0.606949407,0.44213607,1.372766097,0.169833156,-0.259648904,1.473547717,0.008657785,LV.longitudinal.strain.Segment.6...Instance.2,M46_status,Ell,0.237766418
M46_status,0.049738553,0.089009347,0.558801458,0.57630042,-0.124721949,0.224199055,0.003052559,LV.mean.myocardial.wall.thickness.AHA.1...Instance.2,M46_status,WT,0.816425595
M46_status,-0.009339517,0.061958361,-0.1507386,0.880182698,-0.130779423,0.11210039,-0.000694339,LV.mean.myocardial.wall.thickness.AHA.10...Instance.2,M46_status,WT,0.972358917
M46_status,0.060394173,0.057609672,1.048333908,0.294491257,-0.052522197,0.173310543,0.004963409,LV.mean.myocardial.wall.thickness.AHA.11...Instance.2,M46_status,WT,0.556261263
M46_status,0.072994048,0.057516147,1.269105315,0.204411042,-0.03973901,0.185727106,0.006056515,LV.mean.myocardial.wall.thickness.AHA.12...Instance.2,M46_status,WT,0.543619868
M46_status,0.122027915,0.055606072,2.194507026,0.028204826,0.013038651,0.231017179,0.011116346,LV.mean.myocardial.wall.thickness.AHA.13...Instance.2,M46_status,WT,0.479482043
M46_status,0.002031607,0.058632052,0.034650114,0.972358917,-0.112888653,0.116951867,0.000168753,LV.mean.myocardial.wall.thickness.AHA.14...Instance.2,M46_status,WT,0.972358917
M46_status,0.005991992,0.058948049,0.101648682,0.919036057,-0.10954763,0.121531613,0.00050814,LV.mean.myocardial.wall.thickness.AHA.15...Instance.2,M46_status,WT,0.972358917
M46_status,0.042544622,0.059428397,0.71589718,0.474059105,-0.073936493,0.159025736,0.003615431,LV.mean.myocardial.wall.thickness.AHA.16...Instance.2,M46_status,WT,0.749290216
M46_status,0.01379126,0.099894795,0.13805784,0.890195414,-0.182004988,0.209587507,0.000830693,LV.mean.myocardial.wall.thickness.AHA.2...Instance.2,M46_status,WT,0.972358917
M46_status,0.11703881,0.096218112,1.216390636,0.223843475,-0.071551048,0.305628668,0.007160288,LV.mean.myocardial.wall.thickness.AHA.3...Instance.2,M46_status,WT,0.543619868
M46_status,0.099077505,0.078729039,1.258462013,0.208232214,-0.055233342,0.253388352,0.006601552,LV.mean.myocardial.wall.thickness.AHA.4...Instance.2,M46_status,WT,0.543619868
M46_status,0.047758659,0.068367869,0.698554158,0.484834846,-0.08624404,0.181761359,0.00360589,LV.mean.myocardial.wall.thickness.AHA.5...Instance.2,M46_status,WT,0.749290216
M46_status,0.107983103,0.070043989,1.541646958,0.123167482,-0.029304833,0.245271039,0.007998058,LV.mean.myocardial.wall.thickness.AHA.6...Instance.2,M46_status,WT,0.543619868
M46_status,0.092092981,0.060107117,1.53214769,0.125494065,-0.025718443,0.209904404,0.007432109,LV.mean.myocardial.wall.thickness.AHA.7...Instance.2,M46_status,WT,0.543619868
M46_status,0.093629785,0.071125699,1.316398799,0.188047924,-0.045778329,0.233037899,0.006560274,LV.mean.myocardial.wall.thickness.AHA.8...Instance.2,M46_status,WT,0.543619868
M46_status,0.02200985,0.076452932,0.287887585,0.773434313,-0.127839772,0.171859472,0.001355109,LV.mean.myocardial.wall.thickness.AHA.9...Instance.2,M46_status,WT,0.972358917
M46_status,0.055751492,0.050015267,1.114689481,0.264990346,-0.042279657,0.153782641,0.005054507,LV.mean.myocardial.wall.thickness.global...Instance.2,M46_status,WT,0.556261263
M46_status,-0.000905284,1.302133989,-0.000695231,0.999445289,-2.553119738,2.55130917,-2.86E-06,LV.myocardial.mass...Instance.2,M46_status,LV,0.999445289
M46_status,-0.943480336,1.168012202,-0.807765822,0.41923031,-3.232812932,1.34585226,-0.005076203,LV.radial.strain.AHA.1...Instance.2,M46_status,Err,0.691236781
M46_status,0.945458799,1.208292081,0.782475375,0.433939982,-1.422823349,3.313740946,0.00485081,LV.radial.strain.AHA.10...Instance.2,M46_status,Err,0.691236781
M46_status,0.771131338,1.111767352,0.693608547,0.487931845,-1.407959971,2.950222647,0.004263321,LV.radial.strain.AHA.11...Instance.2,M46_status,Err,0.691236781
M46_status,0.649043572,1.144013602,0.567339034,0.570487113,-1.593251179,2.891338324,0.003495102,LV.radial.strain.AHA.12...Instance.2,M46_status,Err,0.740403468
M46_status,-0.852207956,1.207005074,-0.706051676,0.480160201,-3.217967537,1.513551626,-0.004418572,LV.radial.strain.AHA.13...Instance.2,M46_status,Err,0.691236781
M46_status,-0.851685203,1.139668026,-0.747309904,0.454881002,-3.085462517,1.382092111,-0.004652311,LV.radial.strain.AHA.14...Instance.2,M46_status,Err,0.691236781
M46_status,0.474457617,1.294062667,0.366641917,0.713888118,-2.061936985,3.010852219,0.002294156,LV.radial.strain.AHA.15...Instance.2,M46_status,Err,0.758506125
M46_status,-0.537389267,1.227001996,-0.43796935,0.661410917,-2.942343307,1.867564773,-0.00276881,LV.radial.strain.AHA.16...Instance.2,M46_status,Err,0.749599039
M46_status,0.527381666,1.033184297,0.510442974,0.609744033,-1.497684926,2.552448257,0.00312745,LV.radial.strain.AHA.2...Instance.2,M46_status,Err,0.740403468
M46_status,1.837644106,1.166477961,1.575378333,0.115177219,-0.448681341,4.123969552,0.009429006,LV.radial.strain.AHA.3...Instance.2,M46_status,Err,0.652670909
M46_status,1.870112883,1.524945152,1.226347636,0.220075255,-1.11881706,4.859042825,0.007330365,LV.radial.strain.AHA.4...Instance.2,M46_status,Err,0.691236781
M46_status,1.223243725,1.397266038,0.875455133,0.381331681,-1.515432019,3.961919469,0.005411199,LV.radial.strain.AHA.5...Instance.2,M46_status,Err,0.691236781
M46_status,-1.12955432,1.619550031,-0.697449476,0.485525688,-4.303912149,2.044803509,-0.00442872,LV.radial.strain.AHA.6...Instance.2,M46_status,Err,0.691236781
M46_status,-0.270688277,1.172535386,-0.230857235,0.817426921,-2.568886425,2.027509871,-0.001426989,LV.radial.strain.AHA.7...Instance.2,M46_status,Err,0.817426921
M46_status,2.678100107,0.940490097,2.847558006,0.004407898,0.834716422,4.521483791,0.017645594,LV.radial.strain.AHA.8...Instance.2,M46_status,Err,0.037467135
M46_status,3.50141137,1.046885165,3.34459928,0.000824788,1.449490741,5.553332,0.020531275,LV.radial.strain.AHA.9...Instance.2,M46_status,Err,0.014021403
M46_status,0.637578558,0.712468902,0.894886157,0.370853447,-0.758877985,2.0340351,0.005366826,LV.radial.strain.global...Instance.2,M46_status,Err,0.691236781
M46_status,-1.465495565,1.484856234,-0.98696125,0.323667722,-4.375850086,1.444858956,-0.005354855,LV.stroke.volume...Instance.2,M46_status,LV,0.595872475
M46_status,1.117698354,0.823622767,1.357051309,0.1747728,-0.496622947,2.732019655,0.008334182,RA.ejection.fraction...Instance.2,M46_status,RA,0.480965309
M46_status,-0.893987742,2.280967983,-0.39193349,0.695109509,-5.364742253,3.576766769,-0.002261015,RA.maximum.volume...Instance.2,M46_status,RA,0.695109509
M46_status,-1.844909672,1.571742103,-1.173799231,0.240482655,-4.925563653,1.23574431,-0.006707465,RA.minimum.volume...Instance.2,M46_status,RA,0.480965309
M46_status,0.950930616,1.16900162,0.813455345,0.415962029,-1.340341907,3.24220314,0.005018121,RA.stroke.volume...Instance.2,M46_status,RA,0.554616038
M46_status,0.012824546,0.532779825,0.024071006,0.980796093,-1.031436937,1.057086029,0.000144862,RV.ejection.fraction...Instance.2,M46_status,RV,0.980796093
M46_status,-3.027098533,2.484326146,-1.218478716,0.223049434,-7.896438516,1.84224145,-0.005730642,RV.end.diastolic.volume...Instance.2,M46_status,RV,0.427883714
M46_status,-1.493017825,1.443065416,-1.034615485,0.300854896,-4.32146132,1.33542567,-0.004955581,RV.end.systolic.volume...Instance.2,M46_status,RV,0.427883714
M46_status,-1.534100636,1.545543169,-0.992596433,0.320912785,-4.563403034,1.495201761,-0.005303693,RV.stroke.volume...Instance.2,M46_status,RV,0.427883714
M47_status,-0.020988793,0.045332419,-0.462997409,0.643369203,-0.109841882,0.067864296,-0.00288253,Ascending.aorta.distensibility...Instance.2,M47_status,ascending,0.643369203
M47_status,7.735420881,6.45088092,1.199126286,0.230486514,-4.908486459,20.37932822,0.007198099,Ascending.aorta.maximum.area...Instance.2,M47_status,ascending,0.34572977
M47_status,7.569967062,6.250981081,1.211004635,0.225901353,-4.682130992,19.82206511,0.00722593,Ascending.aorta.minimum.area...Instance.2,M47_status,ascending,0.34572977
M47_status,-0.043835511,0.053373873,-0.821291555,0.411486006,-0.148450123,0.060779101,-0.005211835,Descending.aorta.distensibility...Instance.2,M47_status,descending aorta,0.411486006
M47_status,3.17040869,2.91174268,1.088835463,0.276233532,-2.536688541,8.877505921,0.005743356,Descending.aorta.maximum.area...Instance.2,M47_status,descending aorta,0.411486006
M47_status,3.397191654,2.712653162,1.252350172,0.2104502,-1.919684545,8.714067852,0.006500068,Descending.aorta.minimum.area...Instance.2,M47_status,descending aorta,0.411486006
M47_status,-0.769727734,0.347339923,-2.216064678,0.02669285,-1.450522703,-0.088932765,-0.014293204,LA.ejection.fraction...Instance.2,M47_status,LA,0.053385701
M47_status,-0.716785219,0.821111893,-0.872944631,0.382698658,-2.326185144,0.892614707,-0.005383132,LA.maximum.volume...Instance.2,M47_status,LA,0.382698658
M47_status,0.664965055,0.565044458,1.1768367,0.239267908,-0.442536268,1.772466378,0.007421147,LA.minimum.volume...Instance.2,M47_status,LA,0.319023878
M47_status,-1.381753907,0.407275851,-3.392673306,0.000692832,-2.1800248,-0.583483015,-0.02070957,LA.stroke.volume...Instance.2,M47_status,LA,0.002771329
M47_status,-0.042862534,0.041373568,-1.035988337,0.300213969,-0.123955738,0.038230671,-0.006030131,LV.cardiac.output...Instance.2,M47_status,LV,0.360256762
M47_status,0.536669525,0.192620864,2.786144305,0.005336477,0.159127901,0.914211149,0.017747818,LV.circumferential.strain.AHA.1...Instance.2,M47_status,Ecc,0.022680026
M47_status,0.210361586,0.176496591,1.191873362,0.233318126,-0.135576067,0.556299239,0.007713241,LV.circumferential.strain.AHA.10...Instance.2,M47_status,Ecc,0.317033358
M47_status,0.125070589,0.19605248,0.637944434,0.523513581,-0.259197087,0.509338264,0.004039095,LV.circumferential.strain.AHA.11...Instance.2,M47_status,Ecc,0.57645617
M47_status,0.21257613,0.185745648,1.144447431,0.252445121,-0.151489902,0.576642162,0.007212744,LV.circumferential.strain.AHA.12...Instance.2,M47_status,Ecc,0.317033358
M47_status,0.337622849,0.213891329,1.578478429,0.114463815,-0.081609408,0.756855105,0.009887115,LV.circumferential.strain.AHA.13...Instance.2,M47_status,Ecc,0.243235608
M47_status,0.308783943,0.213358101,1.447256709,0.147833042,-0.109403174,0.72697106,0.009187499,LV.circumferential.strain.AHA.14...Instance.2,M47_status,Ecc,0.279240191
M47_status,0.146317266,0.240269553,0.608971316,0.542546983,-0.324616957,0.617251489,0.00394638,LV.circumferential.strain.AHA.15...Instance.2,M47_status,Ecc,0.57645617
M47_status,0.24259228,0.215164779,1.127472076,0.259549847,-0.17913597,0.664320531,0.007269444,LV.circumferential.strain.AHA.16...Instance.2,M47_status,Ecc,0.317033358
M47_status,0.274560394,0.24430482,1.123843539,0.261086295,-0.204283053,0.753403841,0.006642875,LV.circumferential.strain.AHA.2...Instance.2,M47_status,Ecc,0.317033358
M47_status,0.56388355,0.209593837,2.690363219,0.007140455,0.153074483,0.974692617,0.017306993,LV.circumferential.strain.AHA.3...Instance.2,M47_status,Ecc,0.024277547
M47_status,0.505731738,0.207426867,2.438120705,0.014768258,0.099169986,0.91229349,0.01582296,LV.circumferential.strain.AHA.4...Instance.2,M47_status,Ecc,0.041843396
M47_status,-0.053985909,0.193568208,-0.278898637,0.780324087,-0.433384351,0.325412532,-0.001746528,LV.circumferential.strain.AHA.5...Instance.2,M47_status,Ecc,0.780324087
M47_status,0.242095903,0.198531712,1.219431902,0.222687651,-0.147031127,0.631222933,0.007868224,LV.circumferential.strain.AHA.6...Instance.2,M47_status,Ecc,0.317033358
M47_status,0.55258096,0.194155937,2.846067795,0.004428575,0.172030556,0.933131365,0.017638287,LV.circumferential.strain.AHA.7...Instance.2,M47_status,Ecc,0.022680026
M47_status,0.475615245,0.202525191,2.348425113,0.018857934,0.078660897,0.872569593,0.014848017,LV.circumferential.strain.AHA.8...Instance.2,M47_status,Ecc,0.04579784
M47_status,0.892863105,0.240062404,3.71929586,0.000200058,0.422334899,1.363391311,0.023640956,LV.circumferential.strain.AHA.9...Instance.2,M47_status,Ecc,0.003400979
M47_status,0.357570688,0.11707881,3.054102514,0.002258865,0.128093345,0.58704803,0.018652905,LV.circumferential.strain.global...Instance.2,M47_status,Ecc,0.019200348
M47_status,-0.380327092,0.216347945,-1.757941782,0.078765212,-0.804374353,0.043720169,-0.010932216,LV.ejection.fraction...Instance.2,M47_status,LV,0.236295636
M47_status,-1.480467825,0.96420538,-1.535427883,0.124686822,-3.370333943,0.409398293,-0.007736022,LV.end.diastolic.volume...Instance.2,M47_status,LV,0.249373645
M47_status,-0.07630902,0.582997871,-0.130890736,0.895862414,-1.218999101,1.06638106,-0.000694273,LV.end.systolic.volume...Instance.2,M47_status,LV,0.895862414
M47_status,0.225917907,0.101917666,2.216670739,0.026651483,0.026156606,0.425679209,0.01421231,LV.longitudinal.strain.global...Instance.2,M47_status,Ell,0.08120268
M47_status,0.356214294,0.261364109,1.3629044,0.1729207,-0.156066227,0.868494815,0.008932996,LV.longitudinal.strain.Segment.1...Instance.2,M47_status,Ell,0.302611225
M47_status,-0.041891378,0.275209375,-0.152216393,0.879017071,-0.581308985,0.497526228,-0.000985121,LV.longitudinal.strain.Segment.2...Instance.2,M47_status,Ell,0.879017071
M47_status,0.156312374,0.186237224,0.839318646,0.40129579,-0.208717476,0.521342225,0.005448803,LV.longitudinal.strain.Segment.3...Instance.2,M47_status,Ell,0.51035962
M47_status,0.160270429,0.206397672,0.776512775,0.437451103,-0.244274429,0.564815287,0.004923307,LV.longitudinal.strain.Segment.4...Instance.2,M47_status,Ell,0.51035962
M47_status,0.36626103,0.173522554,2.110740197,0.034801149,0.026152266,0.706369795,0.013952073,LV.longitudinal.strain.Segment.5...Instance.2,M47_status,Ell,0.08120268
M47_status,0.531010621,0.181514418,2.925445958,0.003441658,0.175237593,0.886783649,0.019049057,LV.longitudinal.strain.Segment.6...Instance.2,M47_status,Ell,0.024091608
M47_status,0.050448169,0.035908853,1.404895019,0.160060424,-0.019934064,0.120830402,0.007786321,LV.mean.myocardial.wall.thickness.AHA.1...Instance.2,M47_status,WT,0.226752267
M47_status,0.049162498,0.024995034,1.966890605,0.049202868,0.000171618,0.098153379,0.009191728,LV.mean.myocardial.wall.thickness.AHA.10...Instance.2,M47_status,WT,0.104556094
M47_status,0.063803739,0.023239933,2.745435659,0.006045815,0.018252902,0.109354577,0.013187033,LV.mean.myocardial.wall.thickness.AHA.11...Instance.2,M47_status,WT,0.025694716
M47_status,0.075645351,0.02320144,3.26037304,0.001113607,0.030169959,0.121120743,0.015784598,LV.mean.myocardial.wall.thickness.AHA.12...Instance.2,M47_status,WT,0.009465659
M47_status,0.022109499,0.022434616,0.985508234,0.324380573,-0.021862899,0.066081897,0.005065213,LV.mean.myocardial.wall.thickness.AHA.13...Instance.2,M47_status,WT,0.367631316
M47_status,0.024164871,0.023653992,1.021598009,0.306977506,-0.022197533,0.070527276,0.005047923,LV.mean.myocardial.wall.thickness.AHA.14...Instance.2,M47_status,WT,0.367631316
M47_status,0.034073839,0.023781172,1.43280742,0.151920857,-0.01253784,0.080685519,0.007266907,LV.mean.myocardial.wall.thickness.AHA.15...Instance.2,M47_status,WT,0.226752267
M47_status,0.011430805,0.023975668,0.476766896,0.633530779,-0.035562093,0.058423703,0.002442914,LV.mean.myocardial.wall.thickness.AHA.16...Instance.2,M47_status,WT,0.633530779
M47_status,0.026204074,0.040300993,0.650209136,0.515560952,-0.052786861,0.105195009,0.003969367,LV.mean.myocardial.wall.thickness.AHA.2...Instance.2,M47_status,WT,0.547783511
M47_status,0.066510306,0.038817172,1.713424831,0.08664232,-0.009572302,0.142592915,0.01023306,LV.mean.myocardial.wall.thickness.AHA.3...Instance.2,M47_status,WT,0.147291943
M47_status,0.056815268,0.031761509,1.788808842,0.073653327,-0.005438068,0.119068604,0.00952033,LV.mean.myocardial.wall.thickness.AHA.4...Instance.2,M47_status,WT,0.139122951
M47_status,0.091206009,0.027578414,3.307152098,0.000943345,0.037151642,0.145260377,0.01731808,LV.mean.myocardial.wall.thickness.AHA.5...Instance.2,M47_status,WT,0.009465659
M47_status,0.086322868,0.02825579,3.055050535,0.002251737,0.030940826,0.14170491,0.016079427,LV.mean.myocardial.wall.thickness.AHA.6...Instance.2,M47_status,WT,0.012759844
M47_status,0.059599812,0.024248259,2.457900668,0.013979478,0.01207263,0.107126994,0.012096128,LV.mean.myocardial.wall.thickness.AHA.7...Instance.2,M47_status,WT,0.039608522
M47_status,0.038474835,0.028694675,1.34083533,0.179981694,-0.017767433,0.094717102,0.006779547,LV.mean.myocardial.wall.thickness.AHA.8...Instance.2,M47_status,WT,0.235360677
M47_status,0.068246811,0.030842005,2.212787742,0.026918024,0.007795725,0.128697897,0.010567093,LV.mean.myocardial.wall.thickness.AHA.9...Instance.2,M47_status,WT,0.065372344
M47_status,0.053496052,0.020176492,2.651405027,0.008018989,0.013949633,0.09304247,0.012197195,LV.mean.myocardial.wall.thickness.global...Instance.2,M47_status,WT,0.027264563
M47_status,0.559743696,0.524636271,1.066917649,0.286015589,-0.46855622,1.588043613,0.004446459,LV.myocardial.mass...Instance.2,M47_status,LV,0.360256762
M47_status,-1.240678894,0.471470177,-2.631510866,0.008503945,-2.164772018,-0.31658577,-0.016787325,LV.radial.strain.AHA.1...Instance.2,M47_status,Err,0.016063008
M47_status,-1.671501765,0.487698957,-3.427322819,0.00061019,-2.627403697,-0.715599834,-0.021567235,LV.radial.strain.AHA.10...Instance.2,M47_status,Err,0.002074647
M47_status,-1.269299663,0.448759704,-2.828461765,0.004679603,-2.148879701,-0.389719625,-0.017648176,LV.radial.strain.AHA.11...Instance.2,M47_status,Err,0.009944157
M47_status,-1.321787745,0.461773675,-2.86241468,0.004206493,-2.226875485,-0.416700004,-0.01790044,LV.radial.strain.AHA.12...Instance.2,M47_status,Err,0.009944157
M47_status,-0.553726054,0.487243795,-1.136445573,0.255777085,-1.508735857,0.401283749,-0.007220167,LV.radial.strain.AHA.13...Instance.2,M47_status,Err,0.289880697
M47_status,-0.985090175,0.460042187,-2.141304001,0.032255683,-1.886784157,-0.083396193,-0.013532612,LV.radial.strain.AHA.14...Instance.2,M47_status,Err,0.045695551
M47_status,-2.133076518,0.522282187,-4.084145645,4.43E-05,-3.156762429,-1.109390608,-0.025938681,LV.radial.strain.AHA.15...Instance.2,M47_status,Err,0.000377712
M47_status,-0.99065877,0.495297086,-2.000130423,0.045493074,-1.961453219,-0.01986432,-0.012836429,LV.radial.strain.AHA.16...Instance.2,M47_status,Err,0.059490943
M47_status,-0.945514264,0.417054072,-2.267126322,0.023387936,-1.762950484,-0.128078043,-0.014100982,LV.radial.strain.AHA.2...Instance.2,M47_status,Err,0.036144992
M47_status,-0.267380392,0.470901559,-0.567805281,0.570170448,-1.190359009,0.655598226,-0.003450246,LV.radial.strain.AHA.3...Instance.2,M47_status,Err,0.570647853
M47_status,-0.821971305,0.615593883,-1.335249307,0.181802524,-2.028550431,0.38460782,-0.008102712,LV.radial.strain.AHA.4...Instance.2,M47_status,Err,0.220760208
M47_status,-1.292302723,0.56402177,-2.291228443,0.021955488,-2.397799242,-0.186806204,-0.014376752,LV.radial.strain.AHA.5...Instance.2,M47_status,Err,0.036144992
M47_status,-0.370764715,0.653787934,-0.567102414,0.570647853,-1.652205119,0.910675688,-0.003655825,LV.radial.strain.AHA.6...Instance.2,M47_status,Err,0.570647853
M47_status,-1.696247016,0.47325658,-3.584201652,0.000338521,-2.623841533,-0.768652498,-0.022488281,LV.radial.strain.AHA.7...Instance.2,M47_status,Err,0.001918287
M47_status,-1.306289067,0.379642799,-3.440837202,0.000580522,-2.050398275,-0.562179858,-0.021645357,LV.radial.strain.AHA.8...Instance.2,M47_status,Err,0.002074647
M47_status,-1.390157098,0.422612844,-3.289434091,0.001004776,-2.21848865,-0.561825546,-0.020499942,LV.radial.strain.AHA.9...Instance.2,M47_status,Err,0.002846866
M47_status,-1.174247854,0.287554083,-4.083572177,4.44E-05,-1.737860918,-0.61063479,-0.02485762,LV.radial.strain.global...Instance.2,M47_status,Err,0.000377712
M47_status,-1.404142615,0.59823008,-2.347161504,0.018921996,-2.576688198,-0.231597032,-0.012902992,LV.stroke.volume...Instance.2,M47_status,LV,0.113531976
M47_status,0.265222247,0.336427257,0.788349461,0.430497138,-0.394183623,0.924628117,0.004973525,RA.ejection.fraction...Instance.2,M47_status,RA,0.872862053
M47_status,-0.223148245,0.931699224,-0.239506742,0.810713934,-2.049302115,1.603005624,-0.001419324,RA.maximum.volume...Instance.2,M47_status,RA,0.872862053
M47_status,-0.102738506,0.642014531,-0.160025204,0.872862053,-1.361103105,1.155626092,-0.000939361,RA.minimum.volume...Instance.2,M47_status,RA,0.872862053
M47_status,-0.120417179,0.477501198,-0.252181942,0.80090177,-1.056331514,0.815497155,-0.001598073,RA.stroke.volume...Instance.2,M47_status,RA,0.872862053
M47_status,-0.606373434,0.214640932,-2.825059639,0.004729567,-1.027074908,-0.18567196,-0.017225386,RV.ejection.fraction...Instance.2,M47_status,RV,0.015238101
M47_status,-1.179045548,1.000963139,-1.177911055,0.238839211,-3.140957772,0.782866677,-0.005613364,RV.end.diastolic.volume...Instance.2,M47_status,RV,0.318452282
M47_status,0.482645186,0.581429504,0.830100955,0.406486758,-0.656970856,1.622261229,0.00402878,RV.end.systolic.volume...Instance.2,M47_status,RV,0.406486758
M47_status,-1.661674648,0.622667386,-2.668639284,0.007619051,-2.882117947,-0.441231348,-0.014447292,RV.stroke.volume...Instance.2,M47_status,RV,0.015238101
M48_status,0.08686846,0.060143263,1.444358962,0.148647292,-0.031014387,0.204751308,0.00940047,Ascending.aorta.distensibility...Instance.2,M48_status,ascending,0.445941876
M48_status,4.457410662,8.567958639,0.520241851,0.602898128,-12.33602832,21.25084964,0.003268267,Ascending.aorta.maximum.area...Instance.2,M48_status,ascending,0.602898128
M48_status,4.530509499,8.302454983,0.545683115,0.585287066,-11.74253488,20.80355388,0.003407594,Ascending.aorta.minimum.area...Instance.2,M48_status,ascending,0.602898128
M48_status,0.153078732,0.070809764,2.161830843,0.030638208,0.014289178,0.291868286,0.014341034,Descending.aorta.distensibility...Instance.2,M48_status,descending aorta,0.091914625
M48_status,7.166316739,3.867152595,1.853124893,0.063872405,-0.413410695,14.74604417,0.010229337,Descending.aorta.maximum.area...Instance.2,M48_status,descending aorta,0.095808608
M48_status,5.711241671,3.602800612,1.585222799,0.112924257,-1.35034847,12.77283181,0.00861052,Descending.aorta.minimum.area...Instance.2,M48_status,descending aorta,0.112924257
M48_status,-1.125800542,0.45894172,-2.453035959,0.014169984,-2.025337836,-0.226263249,-0.016472325,LA.ejection.fraction...Instance.2,M48_status,LA,0.056679937
M48_status,1.504659426,1.084937875,1.386862291,0.165491723,-0.621846046,3.631164898,0.008904001,LA.maximum.volume...Instance.2,M48_status,LA,0.22065563
M48_status,1.36122146,0.746587639,1.823257429,0.068272098,-0.102109057,2.824551976,0.011970216,LA.minimum.volume...Instance.2,M48_status,LA,0.136544197
M48_status,0.143432404,0.538222281,0.266492876,0.789861061,-0.911496779,1.198361586,0.001693903,LA.stroke.volume...Instance.2,M48_status,LA,0.789861061
M48_status,0.042476646,0.054817727,0.77487061,0.43842079,-0.06496744,0.149920731,0.00470869,LV.cardiac.output...Instance.2,M48_status,LV,0.698350375
M48_status,0.776358343,0.255308356,3.040865386,0.002360551,0.275947696,1.276768989,0.02023025,LV.circumferential.strain.AHA.1...Instance.2,M48_status,Ecc,0.018580979
M48_status,-0.217254932,0.233942618,-0.928667611,0.353067094,-0.675788208,0.241278343,-0.006276841,LV.circumferential.strain.AHA.10...Instance.2,M48_status,Ecc,0.48769134
M48_status,-0.290807441,0.259858892,-1.119097516,0.263105402,-0.80013725,0.218522368,-0.007400063,LV.circumferential.strain.AHA.11...Instance.2,M48_status,Ecc,0.48769134
M48_status,-0.055312546,0.246204257,-0.224661211,0.822244015,-0.537878936,0.427253843,-0.001478804,LV.circumferential.strain.AHA.12...Instance.2,M48_status,Ecc,0.873634266
M48_status,0.199253393,0.283513786,0.702799662,0.482184785,-0.35644059,0.754947376,0.004597741,LV.circumferential.strain.AHA.13...Instance.2,M48_status,Ecc,0.585510096
M48_status,0.448992414,0.282798241,1.587677536,0.112367347,-0.105299082,1.003283909,0.010526466,LV.circumferential.strain.AHA.14...Instance.2,M48_status,Ecc,0.382048981
M48_status,0.285050229,0.318468354,0.895066105,0.370757252,-0.339155565,0.909256023,0.00605795,LV.circumferential.strain.AHA.15...Instance.2,M48_status,Ecc,0.48769134
M48_status,0.355555334,0.285193446,1.246716355,0.212508975,-0.203430824,0.914541491,0.008395227,LV.circumferential.strain.AHA.16...Instance.2,M48_status,Ecc,0.48769134
M48_status,-0.364861544,0.323818703,-1.126746357,0.25985664,-0.999554152,0.269831065,-0.006955804,LV.circumferential.strain.AHA.2...Instance.2,M48_status,Ecc,0.48769134
M48_status,0.754084445,0.277809899,2.714390115,0.006642699,0.20957022,1.298598669,0.01823699,LV.circumferential.strain.AHA.3...Instance.2,M48_status,Ecc,0.02823147
M48_status,0.03243711,0.27495892,0.117970751,0.906091438,-0.506489124,0.571363344,0.00079967,LV.circumferential.strain.AHA.4...Instance.2,M48_status,Ecc,0.906091438
M48_status,-0.754352161,0.256540808,-2.940476278,0.003278996,-1.257178444,-0.251525877,-0.019229606,LV.circumferential.strain.AHA.5...Instance.2,M48_status,Ecc,0.018580979
M48_status,0.15456236,0.26315168,0.58735084,0.556971489,-0.361221394,0.670346115,0.003958166,LV.circumferential.strain.AHA.6...Instance.2,M48_status,Ecc,0.631234354
M48_status,0.229315572,0.257371887,0.890989202,0.372940437,-0.275139646,0.73377079,0.005767599,LV.circumferential.strain.AHA.7...Instance.2,M48_status,Ecc,0.48769134
M48_status,-0.30981449,0.268455416,-1.154063103,0.248481341,-0.835993697,0.216364717,-0.007621061,LV.circumferential.strain.AHA.8...Instance.2,M48_status,Ecc,0.48769134
M48_status,1.450221614,0.318167346,4.558046676,5.18E-06,0.826605804,2.073837425,0.030256281,LV.circumferential.strain.AHA.9...Instance.2,M48_status,Ecc,8.80E-05
M48_status,0.148453412,0.155201124,0.956522789,0.33881408,-0.155744602,0.452651427,0.00610205,LV.circumferential.strain.global...Instance.2,M48_status,Ecc,0.48769134
M48_status,0.165547551,0.286657605,0.577509713,0.563598493,-0.396308363,0.727403465,0.003749511,LV.ejection.fraction...Instance.2,M48_status,LV,0.698350375
M48_status,-0.000488683,1.277550378,-0.000382516,0.999694798,-2.504518657,2.503541291,-2.01E-06,LV.end.diastolic.volume...Instance.2,M48_status,LV,0.999694798
M48_status,-0.436875406,0.772432842,-0.565583676,0.571680062,-1.95086266,1.077111848,-0.003131935,LV.end.systolic.volume...Instance.2,M48_status,LV,0.698350375
M48_status,0.159225503,0.13544269,1.17559318,0.23976483,-0.106245727,0.424696733,0.007892737,LV.longitudinal.strain.global...Instance.2,M48_status,Ell,0.603816917
M48_status,0.409511132,0.347323404,1.179048481,0.238386237,-0.271251866,1.090274129,0.008091938,LV.longitudinal.strain.Segment.1...Instance.2,M48_status,Ell,0.603816917
M48_status,0.413000657,0.365714059,1.129299372,0.258778679,-0.303808508,1.129809823,0.007652734,LV.longitudinal.strain.Segment.2...Instance.2,M48_status,Ell,0.603816917
M48_status,0.090601479,0.247488824,0.366083112,0.714305092,-0.394483118,0.575686075,0.002488537,LV.longitudinal.strain.Segment.3...Instance.2,M48_status,Ell,0.998222644
M48_status,0.20916165,0.274277971,0.762590046,0.445712645,-0.328430377,0.746753678,0.005062751,LV.longitudinal.strain.Segment.4...Instance.2,M48_status,Ell,0.77999713
M48_status,0.028898941,0.230604008,0.125318468,0.900272094,-0.423090972,0.480888854,0.000867423,LV.longitudinal.strain.Segment.5...Instance.2,M48_status,Ell,0.998222644
M48_status,0.000537382,0.241237981,0.002227601,0.998222644,-0.472295397,0.473370161,1.52E-05,LV.longitudinal.strain.Segment.6...Instance.2,M48_status,Ell,0.998222644
M48_status,0.022630231,0.047570866,0.475716186,0.634279239,-0.070609833,0.115870295,0.00275218,LV.mean.myocardial.wall.thickness.AHA.1...Instance.2,M48_status,WT,0.634279239
M48_status,0.043171427,0.033112776,1.303769468,0.192319854,-0.021730427,0.10807328,0.006360052,LV.mean.myocardial.wall.thickness.AHA.10...Instance.2,M48_status,WT,0.238045857
M48_status,0.101998006,0.03078546,3.313187666,0.000923226,0.04165775,0.162338262,0.016610919,LV.mean.myocardial.wall.thickness.AHA.11...Instance.2,M48_status,WT,0.00392371
M48_status,0.131601327,0.030732798,4.282113427,1.86E-05,0.07136429,0.191838365,0.021637773,LV.mean.myocardial.wall.thickness.AHA.12...Instance.2,M48_status,WT,0.000190227
M48_status,0.037281335,0.02971975,1.254429661,0.209693359,-0.020970102,0.095532773,0.006729942,LV.mean.myocardial.wall.thickness.AHA.13...Instance.2,M48_status,WT,0.238045857
M48_status,0.039371627,0.031335117,1.256469756,0.208953194,-0.022045971,0.100789225,0.006480561,LV.mean.myocardial.wall.thickness.AHA.14...Instance.2,M48_status,WT,0.238045857
M48_status,0.067063619,0.031502814,2.128813583,0.033275904,0.005317331,0.128809908,0.011269807,LV.mean.myocardial.wall.thickness.AHA.15...Instance.2,M48_status,WT,0.056569038
M48_status,0.039811515,0.031760923,1.253474745,0.210040462,-0.022440673,0.102063702,0.00670411,LV.mean.myocardial.wall.thickness.AHA.16...Instance.2,M48_status,WT,0.238045857
M48_status,0.049879364,0.053387932,0.934281638,0.35016439,-0.054762291,0.154521019,0.005953528,LV.mean.myocardial.wall.thickness.AHA.2...Instance.2,M48_status,WT,0.372049664
M48_status,0.114631159,0.05142123,2.229257434,0.025802426,0.013844288,0.215418031,0.013896975,LV.mean.myocardial.wall.thickness.AHA.3...Instance.2,M48_status,WT,0.052653457
M48_status,0.092527412,0.042074784,2.199117908,0.02787536,0.010059803,0.174995021,0.012216825,LV.mean.myocardial.wall.thickness.AHA.4...Instance.2,M48_status,WT,0.052653457
M48_status,0.154899536,0.036530879,4.240235718,2.24E-05,0.083298119,0.226500954,0.023175409,LV.mean.myocardial.wall.thickness.AHA.5...Instance.2,M48_status,WT,0.000190227
M48_status,0.149950983,0.037428299,4.006353111,6.18E-05,0.076590599,0.223311367,0.022008733,LV.mean.myocardial.wall.thickness.AHA.6...Instance.2,M48_status,WT,0.000350071
M48_status,0.088772933,0.032121925,2.763624355,0.005718998,0.025813173,0.151732693,0.014196558,LV.mean.myocardial.wall.thickness.AHA.7...Instance.2,M48_status,WT,0.013888996
M48_status,0.106417995,0.038009984,2.79973793,0.005116912,0.031917494,0.180918496,0.014775425,LV.mean.myocardial.wall.thickness.AHA.8...Instance.2,M48_status,WT,0.013888996
M48_status,0.07144388,0.04085852,1.748567482,0.08037364,-0.008639822,0.151527581,0.008716441,LV.mean.myocardial.wall.thickness.AHA.9...Instance.2,M48_status,WT,0.124213808
M48_status,0.082734076,0.026727686,3.095444791,0.001966564,0.030347156,0.135120995,0.014863589,LV.mean.myocardial.wall.thickness.global...Instance.2,M48_status,WT,0.006686319
M48_status,1.423844052,0.695083257,2.048451086,0.04052246,0.061463876,2.786224228,0.008912273,LV.myocardial.mass...Instance.2,M48_status,LV,0.243134757
M48_status,-1.643165052,0.624919702,-2.629401901,0.008556862,-2.868023011,-0.418307092,-0.017518797,LV.radial.strain.AHA.1...Instance.2,M48_status,Err,0.072733327
M48_status,0.081065588,0.646527174,0.125386204,0.900218453,-1.186143548,1.348274725,0.000824186,LV.radial.strain.AHA.10...Instance.2,M48_status,Err,0.956482106
M48_status,0.39775821,0.59487491,0.668641765,0.503727965,-0.768211221,1.56372764,0.004357685,LV.radial.strain.AHA.11...Instance.2,M48_status,Err,0.749888063
M48_status,0.54040164,0.612125115,0.882828733,0.377334232,-0.659378616,1.740181896,0.005766598,LV.radial.strain.AHA.12...Instance.2,M48_status,Err,0.712742438
M48_status,0.163714207,0.64583719,0.253491452,0.799889797,-1.102142544,1.429570958,0.001682053,LV.radial.strain.AHA.13...Instance.2,M48_status,Err,0.956482106
M48_status,-0.80732553,0.6097942,-1.323931139,0.185533642,-2.002537136,0.387886076,-0.008738871,LV.radial.strain.AHA.14...Instance.2,M48_status,Err,0.477106729
M48_status,-0.841003046,0.692403766,-1.214613622,0.224520813,-2.198131429,0.516125337,-0.008058237,LV.radial.strain.AHA.15...Instance.2,M48_status,Err,0.477106729
M48_status,0.484689107,0.656530426,0.738258408,0.460361859,-0.802126649,1.771504863,0.004948623,LV.radial.strain.AHA.16...Instance.2,M48_status,Err,0.749888063
M48_status,-1.044462323,0.552803772,-1.889390732,0.058846871,-2.12797129,0.039046644,-0.012273687,LV.radial.strain.AHA.2...Instance.2,M48_status,Err,0.250099202
M48_status,1.082401498,0.624144533,1.734216102,0.082887615,-0.140937111,2.305740108,0.011005502,LV.radial.strain.AHA.3...Instance.2,M48_status,Err,0.281817891
M48_status,1.658868676,0.81592679,2.033109707,0.04204817,0.059632134,3.258105219,0.012885069,LV.radial.strain.AHA.4...Instance.2,M48_status,Err,0.238272961
M48_status,-0.404682363,0.747641284,-0.541278781,0.588318522,-1.870077638,1.060712913,-0.003547413,LV.radial.strain.AHA.5...Instance.2,M48_status,Err,0.769339606
M48_status,-0.021643376,0.866579895,-0.024975627,0.980074532,-1.720161249,1.676874497,-0.000168156,LV.radial.strain.AHA.6...Instance.2,M48_status,Err,0.980074532
M48_status,-0.799451132,0.627377297,-1.274274884,0.202573575,-2.029126038,0.430223775,-0.008351415,LV.radial.strain.AHA.7...Instance.2,M48_status,Err,0.477106729
M48_status,-0.085540634,0.503281034,-0.169965939,0.865037801,-1.071983818,0.900902551,-0.00111686,LV.radial.strain.AHA.8...Instance.2,M48_status,Err,0.956482106
M48_status,-1.557589686,0.560182766,-2.780502685,0.005430072,-2.655561663,-0.459617709,-0.01809851,LV.radial.strain.AHA.9...Instance.2,M48_status,Err,0.072733327
M48_status,-0.239801236,0.381223537,-0.629030511,0.52933275,-0.987008728,0.507406257,-0.003999928,LV.radial.strain.global...Instance.2,M48_status,Err,0.749888063
M48_status,0.436389144,0.792670132,0.550530575,0.581958646,-1.117263694,1.990041981,0.00315976,LV.stroke.volume...Instance.2,M48_status,LV,0.698350375
M48_status,-0.37379313,0.444528613,-0.840875297,0.400422979,-1.245080372,0.497494113,-0.005523148,RA.ejection.fraction...Instance.2,M48_status,RA,0.849654846
M48_status,0.221631141,1.231076094,0.180030415,0.85712963,-2.191308911,2.634571192,0.001110759,RA.maximum.volume...Instance.2,M48_status,RA,0.85712963
M48_status,0.519151423,0.848304812,0.611986889,0.540550017,-1.143547306,2.181850151,0.003740196,RA.minimum.volume...Instance.2,M48_status,RA,0.849654846
M48_status,-0.297524446,0.630932068,-0.471563361,0.637241135,-1.534167139,0.939118247,-0.003111229,RA.stroke.volume...Instance.2,M48_status,RA,0.849654846
M48_status,-0.476727286,0.284404588,-1.676229237,0.093701267,-1.034167231,0.08071266,-0.01067087,RV.ejection.fraction...Instance.2,M48_status,RV,0.314969869
M48_status,1.096185419,1.326225639,0.826545187,0.408499922,-1.503249256,3.695620095,0.004112233,RV.end.diastolic.volume...Instance.2,M48_status,RV,0.544666563
M48_status,1.088965907,0.770344981,1.413608103,0.157484935,-0.420929089,2.598860903,0.007162437,RV.end.systolic.volume...Instance.2,M48_status,RV,0.314969869
M48_status,0.00720786,0.825070323,0.008736055,0.993029769,-1.609950143,1.624365864,4.94E-05,RV.stroke.volume...Instance.2,M48_status,RV,0.993029769
M50_status,0.050084767,0.09831059,0.509454448,0.610437044,-0.142607344,0.242776878,0.003183796,Ascending.aorta.distensibility...Instance.2,M50_status,ascending,0.610437044
M50_status,-13.4279672,13.91050903,-0.965310987,0.334395371,-40.69295464,13.83702024,-0.005783587,Ascending.aorta.maximum.area...Instance.2,M50_status,ascending,0.501593057
M50_status,-13.34639811,13.47944668,-0.990129523,0.322117281,-39.76649127,13.07369504,-0.005896807,Ascending.aorta.minimum.area...Instance.2,M50_status,ascending,0.501593057
M50_status,-0.009566376,0.115750986,-0.082646175,0.934133373,-0.236442259,0.217309506,-0.00052646,Descending.aorta.distensibility...Instance.2,M50_status,descending aorta,0.934133373
M50_status,-10.18634409,6.278639468,-1.622380795,0.104730347,-22.49265336,2.119965178,-0.00854126,Descending.aorta.maximum.area...Instance.2,M50_status,descending aorta,0.157095521
M50_status,-9.820592496,5.849354895,-1.678918902,0.093176283,-21.28549197,1.644306981,-0.008697384,Descending.aorta.minimum.area...Instance.2,M50_status,descending aorta,0.157095521
M50_status,-0.309935431,0.7555867,-0.410191751,0.681667556,-1.790904332,1.171033469,-0.002663893,LA.ejection.fraction...Instance.2,M50_status,LA,0.965161716
M50_status,-0.414506923,1.786114821,-0.232071823,0.816483453,-3.915336814,3.086322968,-0.00144089,LA.maximum.volume...Instance.2,M50_status,LA,0.965161716
M50_status,-0.453201903,1.229115447,-0.368721998,0.712336962,-2.862299036,1.95589523,-0.002341084,LA.minimum.volume...Instance.2,M50_status,LA,0.965161716
M50_status,0.038700241,0.886045662,0.043677479,0.965161716,-1.697971502,1.775371983,0.000268477,LA.stroke.volume...Instance.2,M50_status,LA,0.965161716
M50_status,0.074942393,0.090291426,0.830005644,0.406540642,-0.102031009,0.251915796,0.004880109,LV.cardiac.output...Instance.2,M50_status,LV,0.726260183
M50_status,0.614812903,0.419588312,1.465276521,0.142853517,-0.207590492,1.437216298,0.009410964,LV.circumferential.strain.AHA.1...Instance.2,M50_status,Ecc,0.547761274
M50_status,-0.170415049,0.384443068,-0.443277726,0.657567313,-0.923932902,0.583102804,-0.002892221,LV.circumferential.strain.AHA.10...Instance.2,M50_status,Ecc,0.745242955
M50_status,-0.591948463,0.427024575,-1.386216385,0.165688731,-1.428927115,0.24503019,-0.008848423,LV.circumferential.strain.AHA.11...Instance.2,M50_status,Ecc,0.547761274
M50_status,0.147761556,0.404589023,0.365213951,0.714953677,-0.645242864,0.940765975,0.002320602,LV.circumferential.strain.AHA.12...Instance.2,M50_status,Ecc,0.759638282
M50_status,0.45554263,0.465897754,0.977773827,0.328192237,-0.457628408,1.368713668,0.006174758,LV.circumferential.strain.AHA.13...Instance.2,M50_status,Ecc,0.619918671
M50_status,0.53554671,0.464731716,1.152378226,0.249172718,-0.375338864,1.446432285,0.007375527,LV.circumferential.strain.AHA.14...Instance.2,M50_status,Ecc,0.547761274
M50_status,0.714196382,0.523334537,1.364703325,0.172354154,-0.31155216,1.739944924,0.008916082,LV.circumferential.strain.AHA.15...Instance.2,M50_status,Ecc,0.547761274
M50_status,0.26238192,0.468668125,0.559845883,0.575587766,-0.656219113,1.180982953,0.003639245,LV.circumferential.strain.AHA.16...Instance.2,M50_status,Ecc,0.745242955
M50_status,-0.236034399,0.532141186,-0.443555968,0.657366096,-1.27904419,0.806975392,-0.002643301,LV.circumferential.strain.AHA.2...Instance.2,M50_status,Ecc,0.745242955
M50_status,0.516689329,0.456562732,1.131694053,0.257770011,-0.378184837,1.411563494,0.007340317,LV.circumferential.strain.AHA.3...Instance.2,M50_status,Ecc,0.547761274
M50_status,0.308108744,0.451839619,0.681898468,0.495307186,-0.577508004,1.193725492,0.00446195,LV.circumferential.strain.AHA.4...Instance.2,M50_status,Ecc,0.745242955
M50_status,-0.205355049,0.421620842,-0.487060952,0.626217863,-1.031742253,0.621032155,-0.003075061,LV.circumferential.strain.AHA.5...Instance.2,M50_status,Ecc,0.745242955
M50_status,0.594655562,0.432430754,1.375146326,0.16909395,-0.252919333,1.442230458,0.008945567,LV.circumferential.strain.AHA.6...Instance.2,M50_status,Ecc,0.547761274
M50_status,-0.254963293,0.422943631,-0.602830435,0.546624988,-1.083943196,0.574016609,-0.003766962,LV.circumferential.strain.AHA.7...Instance.2,M50_status,Ecc,0.745242955
M50_status,0.057387353,0.441162366,0.130082159,0.896502093,-0.807301716,0.922076422,0.000829243,LV.circumferential.strain.AHA.8...Instance.2,M50_status,Ecc,0.896502093
M50_status,1.742392081,0.522911518,3.332097343,0.000862739,0.717472665,2.767311497,0.021353997,LV.circumferential.strain.AHA.9...Instance.2,M50_status,Ecc,0.014666555
M50_status,0.301431499,0.255041696,1.181891054,0.237256108,-0.198456488,0.801319485,0.007278239,LV.circumferential.strain.global...Instance.2,M50_status,Ecc,0.547761274
M50_status,-0.330328594,0.472159337,-0.699612542,0.484173455,-1.255772438,0.59511525,-0.004394912,LV.ejection.fraction...Instance.2,M50_status,LV,0.726260183
M50_status,-0.686103346,2.104279497,-0.326051433,0.74438718,-4.810542606,3.438335914,-0.001659439,LV.end.diastolic.volume...Instance.2,M50_status,LV,0.74438718
M50_status,0.532692675,1.272294085,0.41868675,0.675447372,-1.961034836,3.026420186,0.002243282,LV.end.systolic.volume...Instance.2,M50_status,LV,0.74438718
M50_status,0.076911209,0.22019165,0.349292124,0.726871941,-0.354670208,0.508492626,0.002239529,LV.longitudinal.strain.global...Instance.2,M50_status,Ell,0.848017265
M50_status,0.540074614,0.564643671,0.9564875,0.338832068,-0.56664182,1.646791047,0.006268919,LV.longitudinal.strain.Segment.1...Instance.2,M50_status,Ell,0.848017265
M50_status,-0.497013269,0.594542054,-0.835959821,0.403182752,-1.662331319,0.66830478,-0.00540986,LV.longitudinal.strain.Segment.2...Instance.2,M50_status,Ell,0.848017265
M50_status,0.378164361,0.40233645,0.939920709,0.347264195,-0.410425649,1.166754371,0.006101569,LV.longitudinal.strain.Segment.3...Instance.2,M50_status,Ell,0.848017265
M50_status,0.237872301,0.44589295,0.533474014,0.593708608,-0.636089592,1.111834195,0.00338221,LV.longitudinal.strain.Segment.4...Instance.2,M50_status,Ell,0.848017265
M50_status,0.136482992,0.374890084,0.364061355,0.715814214,-0.598311421,0.871277405,0.002406466,LV.longitudinal.strain.Segment.5...Instance.2,M50_status,Ell,0.848017265
M50_status,-0.009641847,0.392178133,-0.024585375,0.980385813,-0.77832129,0.759037596,-0.000160097,LV.longitudinal.strain.Segment.6...Instance.2,M50_status,Ell,0.980385813
M50_status,-0.034176317,0.078264822,-0.436675331,0.662349228,-0.187577286,0.119224652,-0.002441548,LV.mean.myocardial.wall.thickness.AHA.1...Instance.2,M50_status,WT,0.804281205
M50_status,-0.015843514,0.054479095,-0.290818222,0.771191887,-0.122623876,0.090936849,-0.001371096,LV.mean.myocardial.wall.thickness.AHA.10...Instance.2,M50_status,WT,0.874017472
M50_status,0.108416856,0.050653146,2.140377556,0.03233042,0.009135449,0.207698264,0.010371723,LV.mean.myocardial.wall.thickness.AHA.11...Instance.2,M50_status,WT,0.109923429
M50_status,0.136796425,0.050569479,2.705118334,0.006830957,0.037679006,0.235913844,0.013212322,LV.mean.myocardial.wall.thickness.AHA.12...Instance.2,M50_status,WT,0.050057018
M50_status,0.088431348,0.048894621,1.808610969,0.070519124,-0.007403308,0.184266004,0.009377308,LV.mean.myocardial.wall.thickness.AHA.13...Instance.2,M50_status,WT,0.171260729
M50_status,-0.045374529,0.051553852,-0.880138477,0.378789694,-0.146421343,0.055672285,-0.004387261,LV.mean.myocardial.wall.thickness.AHA.14...Instance.2,M50_status,WT,0.536618734
M50_status,-0.038459663,0.051831855,-0.742008227,0.458086798,-0.140051371,0.063132044,-0.003796532,LV.mean.myocardial.wall.thickness.AHA.15...Instance.2,M50_status,WT,0.599036582
M50_status,0.100583949,0.052252447,1.924961512,0.054241403,-0.001832128,0.203000027,0.009949774,LV.mean.myocardial.wall.thickness.AHA.16...Instance.2,M50_status,WT,0.153683974
M50_status,-0.01768442,0.087836102,-0.2013343,0.840438229,-0.189845333,0.154476493,-0.001239928,LV.mean.myocardial.wall.thickness.AHA.2...Instance.2,M50_status,WT,0.892965618
M50_status,0.102211502,0.08460329,1.208126803,0.227005781,-0.06361302,0.268036025,0.007278962,LV.mean.myocardial.wall.thickness.AHA.3...Instance.2,M50_status,WT,0.350827116
M50_status,0.091527797,0.069225221,1.32217414,0.186117886,-0.044155333,0.227210928,0.007098933,LV.mean.myocardial.wall.thickness.AHA.4...Instance.2,M50_status,WT,0.350827116
M50_status,0.151479878,0.060110436,2.520026279,0.011738547,0.03366195,0.269297805,0.013313258,LV.mean.myocardial.wall.thickness.AHA.5...Instance.2,M50_status,WT,0.050057018
M50_status,0.155124353,0.061585603,2.518841168,0.011778122,0.034415061,0.275833646,0.013374508,LV.mean.myocardial.wall.thickness.AHA.6...Instance.2,M50_status,WT,0.050057018
M50_status,0.142605753,0.052848039,2.698411446,0.006970111,0.039022301,0.246189205,0.013396509,LV.mean.myocardial.wall.thickness.AHA.7...Instance.2,M50_status,WT,0.050057018
M50_status,0.077548537,0.062540009,1.239982814,0.214989175,-0.045031415,0.200128489,0.006324856,LV.mean.myocardial.wall.thickness.AHA.8...Instance.2,M50_status,WT,0.350827116
M50_status,-0.006614643,0.067224079,-0.098396926,0.921617619,-0.138375486,0.125146201,-0.000474059,LV.mean.myocardial.wall.thickness.AHA.9...Instance.2,M50_status,WT,0.921617619
M50_status,0.065996703,0.043977173,1.500703625,0.133440291,-0.020199634,0.15219304,0.00696488,LV.mean.myocardial.wall.thickness.global...Instance.2,M50_status,WT,0.283560618
M50_status,0.879100443,1.144940093,0.767813485,0.442602623,-1.365010132,3.123211018,0.003232337,LV.myocardial.mass...Instance.2,M50_status,LV,0.726260183
M50_status,-0.489288023,1.027023267,-0.476413767,0.633782286,-2.502278844,1.523702798,-0.00306436,LV.radial.strain.AHA.1...Instance.2,M50_status,Err,0.817425798
M50_status,0.899232923,1.062433841,0.846389571,0.397340625,-1.183163493,2.981629339,0.005370478,LV.radial.strain.AHA.10...Instance.2,M50_status,Err,0.817425798
M50_status,-0.578553787,0.977563968,-0.591832152,0.553966407,-2.494603167,1.337495594,-0.003723338,LV.radial.strain.AHA.11...Instance.2,M50_status,Err,0.817425798
M50_status,-0.226469176,1.005919519,-0.225136476,0.82187428,-2.198096133,1.745157782,-0.001419594,LV.radial.strain.AHA.12...Instance.2,M50_status,Err,0.901800588
M50_status,-2.03272696,1.061260657,-1.915388974,0.05545019,-4.112823906,0.047369986,-0.012268302,LV.radial.strain.AHA.13...Instance.2,M50_status,Err,0.471326616
M50_status,-0.553471411,1.00209827,-0.55231251,0.580737412,-2.517608627,1.410665805,-0.003519281,LV.radial.strain.AHA.14...Instance.2,M50_status,Err,0.817425798
M50_status,0.640546427,1.137849545,0.562944749,0.573475729,-1.589666621,2.870759474,0.003605331,LV.radial.strain.AHA.15...Instance.2,M50_status,Err,0.817425798
M50_status,-0.871626928,1.078880286,-0.807899578,0.419153301,-2.986258781,1.243004924,-0.005227618,LV.radial.strain.AHA.16...Instance.2,M50_status,Err,0.817425798
M50_status,-0.461842434,0.908465318,-0.508376517,0.611192181,-2.242456765,1.318771896,-0.003188073,LV.radial.strain.AHA.2...Instance.2,M50_status,Err,0.817425798
M50_status,0.01663281,1.025701142,0.016216039,0.987062122,-1.993766614,2.027032234,9.93E-05,LV.radial.strain.AHA.3...Instance.2,M50_status,Err,0.987062122
M50_status,-0.565584466,1.34088681,-0.421798814,0.673174186,-3.193755538,2.062586606,-0.002580622,LV.radial.strain.AHA.4...Instance.2,M50_status,Err,0.817425798
M50_status,-0.828269028,1.228602448,-0.674155444,0.500216472,-3.236359994,1.579821937,-0.00426502,LV.radial.strain.AHA.5...Instance.2,M50_status,Err,0.817425798
M50_status,0.271582474,1.424057114,0.19071038,0.848753494,-2.519604437,3.062769384,0.001239487,LV.radial.strain.AHA.6...Instance.2,M50_status,Err,0.901800588
M50_status,-2.809056463,1.030897857,-2.724864005,0.006435653,-4.829641576,-0.788471351,-0.017237756,LV.radial.strain.AHA.7...Instance.2,M50_status,Err,0.109406098
M50_status,-0.754909491,0.82703731,-0.912787709,0.361359822,-2.375922925,0.866103943,-0.005789932,LV.radial.strain.AHA.8...Instance.2,M50_status,Err,0.817425798
M50_status,-0.648049694,0.920637905,-0.703913764,0.481490664,-2.452522594,1.156423207,-0.004423338,LV.radial.strain.AHA.9...Instance.2,M50_status,Err,0.817425798
M50_status,-0.645896044,0.62646239,-1.031021262,0.302537216,-1.873777711,0.581985623,-0.006328715,LV.radial.strain.global...Instance.2,M50_status,Err,0.817425798
M50_status,-1.218767545,1.305615587,-0.933481154,0.350577341,-3.777806015,1.340270926,-0.005183859,LV.stroke.volume...Instance.2,M50_status,LV,0.726260183
M50_status,-0.0587982,0.731808897,-0.080346385,0.935962181,-1.493162011,1.375565611,-0.000510354,RA.ejection.fraction...Instance.2,M50_status,RA,0.935962181
M50_status,-0.34855189,2.02665096,-0.171984173,0.863450868,-4.320838652,3.623734873,-0.001026144,RA.maximum.volume...Instance.2,M50_status,RA,0.935962181
M50_status,-0.219956452,1.396522483,-0.157502979,0.874849279,-2.957175579,2.517262676,-0.00093087,RA.minimum.volume...Instance.2,M50_status,RA,0.935962181
M50_status,-0.128584144,1.038670518,-0.123796855,0.901476763,-2.164404436,1.907236149,-0.000789858,RA.stroke.volume...Instance.2,M50_status,RA,0.935962181
M50_status,-0.418823701,0.468461281,-0.894041232,0.371305315,-1.337019265,0.499371863,-0.005506976,RV.ejection.fraction...Instance.2,M50_status,RV,0.371305315
M50_status,-4.259352961,2.184369661,-1.949923145,0.051192392,-8.540770901,0.022064979,-0.009386191,RV.end.diastolic.volume...Instance.2,M50_status,RV,0.102384785
M50_status,-1.403751128,1.268865299,-1.106304294,0.268601617,-3.890758134,1.083255878,-0.005423614,RV.end.systolic.volume...Instance.2,M50_status,RV,0.358135489
M50_status,-2.855550014,1.358915672,-2.10134453,0.035617094,-5.519057954,-0.192042074,-0.011491676,RV.stroke.volume...Instance.2,M50_status,RV,0.102384785
M51_status,-0.026127193,0.067788042,-0.385424804,0.699925132,-0.158994069,0.106739683,-0.002277396,Ascending.aorta.distensibility...Instance.2,M51_status,ascending,0.991937587
M51_status,-1.658324387,9.647274981,-0.171895628,0.863520523,-20.56725364,17.25060487,-0.000979406,Ascending.aorta.maximum.area...Instance.2,M51_status,ascending,0.991937587
M51_status,0.094464675,9.348332637,0.010104976,0.991937587,-18.22852921,18.41745856,5.72E-05,Ascending.aorta.minimum.area...Instance.2,M51_status,ascending,0.991937587
M51_status,-0.003575087,0.079813583,-0.04479297,0.964272593,-0.160012434,0.152862259,-0.000269781,Descending.aorta.distensibility...Instance.2,M51_status,descending aorta,0.981898367
M51_status,0.098799603,4.354490185,0.022689132,0.981898367,-8.436123161,8.633722367,0.000113597,Descending.aorta.maximum.area...Instance.2,M51_status,descending aorta,0.981898367
M51_status,0.455632517,4.056773542,0.112314013,0.91057504,-7.495757286,8.407022319,0.000553314,Descending.aorta.minimum.area...Instance.2,M51_status,descending aorta,0.981898367
M51_status,-1.241926516,0.519011325,-2.392869783,0.016721896,-2.259201743,-0.22465129,-0.014636851,LA.ejection.fraction...Instance.2,M51_status,LA,0.037384523
M51_status,1.84098533,1.226932582,1.500477986,0.133498766,-0.563833333,4.245803994,0.008775172,LA.maximum.volume...Instance.2,M51_status,LA,0.177998354
M51_status,1.985500734,0.844279254,2.351710911,0.018692261,0.3306922,3.640309268,0.014063764,LA.minimum.volume...Instance.2,M51_status,LA,0.037384523
M51_status,-0.144512111,0.608666527,-0.237424114,0.812329037,-1.337513784,1.048489562,-0.001374687,LA.stroke.volume...Instance.2,M51_status,LA,0.812329037
M51_status,-0.023759804,0.062231697,-0.38179586,0.702614858,-0.145735451,0.098215843,-0.002121539,LV.cardiac.output...Instance.2,M51_status,LV,0.718462538
M51_status,1.107102965,0.289574454,3.823206607,0.000131931,0.539529925,1.674676005,0.023237282,LV.circumferential.strain.AHA.1...Instance.2,M51_status,Ecc,0.002242829
M51_status,0.508681606,0.265349781,1.9170229,0.05524229,-0.01141048,1.028773693,0.011837931,LV.circumferential.strain.AHA.10...Instance.2,M51_status,Ecc,0.242280664
M51_status,0.030091508,0.294760611,0.102087955,0.918687384,-0.547646527,0.607829543,0.000616783,LV.circumferential.strain.AHA.11...Instance.2,M51_status,Ecc,0.966591425
M51_status,0.421516045,0.279259649,1.509405482,0.131203259,-0.125839724,0.968871813,0.009077358,LV.circumferential.strain.AHA.12...Instance.2,M51_status,Ecc,0.340353182
M51_status,0.265656307,0.321586728,0.826079822,0.408763845,-0.364661576,0.895974191,0.004937615,LV.circumferential.strain.AHA.13...Instance.2,M51_status,Ecc,0.534537336
M51_status,0.401754149,0.320779763,1.252429846,0.210420755,-0.226982063,1.03049036,0.007586863,LV.circumferential.strain.AHA.14...Instance.2,M51_status,Ecc,0.357715283
M51_status,-0.114093306,0.361239433,-0.31583846,0.752126807,-0.822131465,0.593944852,-0.001953092,LV.circumferential.strain.AHA.15...Instance.2,M51_status,Ecc,0.852410382
M51_status,0.307498582,0.323495415,0.950550048,0.341838701,-0.326560374,0.941557538,0.00584826,LV.circumferential.strain.AHA.16...Instance.2,M51_status,Ecc,0.528296175
M51_status,-0.4688526,0.367303371,-1.27647236,0.20179616,-1.188776226,0.251071025,-0.007199691,LV.circumferential.strain.AHA.2...Instance.2,M51_status,Ecc,0.357715283
M51_status,0.42638026,0.3151399,1.352987226,0.176067521,-0.191301683,1.044062203,0.008305936,LV.circumferential.strain.AHA.3...Instance.2,M51_status,Ecc,0.357715283
M51_status,0.460103079,0.311875173,1.475279596,0.140145428,-0.151179918,1.071386076,0.009136544,LV.circumferential.strain.AHA.4...Instance.2,M51_status,Ecc,0.340353182
M51_status,-0.155457792,0.291023318,-0.534176413,0.593222518,-0.725870642,0.414955057,-0.00319203,LV.circumferential.strain.AHA.5...Instance.2,M51_status,Ecc,0.720341629
M51_status,0.538419492,0.298479838,1.803872233,0.071259019,-0.04660832,1.123447303,0.011106299,LV.circumferential.strain.AHA.6...Instance.2,M51_status,Ecc,0.242280664
M51_status,-0.012227512,0.291937899,-0.04188395,0.966591425,-0.584432963,0.559977938,-0.000247718,LV.circumferential.strain.AHA.7...Instance.2,M51_status,Ecc,0.966591425
M51_status,0.259404024,0.304509265,0.851875636,0.394288329,-0.337441612,0.85624966,0.005139829,LV.circumferential.strain.AHA.8...Instance.2,M51_status,Ecc,0.534537336
M51_status,0.895077727,0.360962139,2.479699757,0.013153478,0.187583072,1.602572382,0.015041814,LV.circumferential.strain.AHA.9...Instance.2,M51_status,Ecc,0.111804562
M51_status,0.320272993,0.176038056,1.819339521,0.068867279,-0.02476592,0.665311906,0.010603865,LV.circumferential.strain.global...Instance.2,M51_status,Ecc,0.242280664
M51_status,-0.613164864,0.325412151,-1.884271566,0.059535638,-1.250980636,0.024650908,-0.011186326,LV.ejection.fraction...Instance.2,M51_status,LV,0.357213826
M51_status,0.522866818,1.450325278,0.360516931,0.718462538,-2.319806184,3.365539821,0.00173408,LV.end.diastolic.volume...Instance.2,M51_status,LV,0.718462538
M51_status,1.006222942,0.87688636,1.14749526,0.251183988,-0.712495762,2.724941646,0.005810422,LV.end.systolic.volume...Instance.2,M51_status,LV,0.502367975
M51_status,0.245877876,0.150745621,1.631078068,0.102882115,-0.0495875,0.541343253,0.009817316,LV.longitudinal.strain.global...Instance.2,M51_status,Ell,0.240058268
M51_status,0.37838973,0.386574082,0.978828504,0.327670941,-0.379305628,1.136085088,0.006022606,LV.longitudinal.strain.Segment.1...Instance.2,M51_status,Ell,0.382282764
M51_status,0.442211767,0.407041123,1.086405627,0.277306449,-0.355599531,1.240023064,0.00660016,LV.longitudinal.strain.Segment.2...Instance.2,M51_status,Ell,0.382282764
M51_status,0.690758916,0.275433592,2.507896413,0.012149351,0.150901842,1.230615991,0.015282471,LV.longitudinal.strain.Segment.3...Instance.2,M51_status,Ell,0.085045456
M51_status,-0.329551749,0.30526986,-1.079542375,0.28035285,-0.927888693,0.268785194,-0.006425197,LV.longitudinal.strain.Segment.4...Instance.2,M51_status,Ell,0.382282764
M51_status,0.032580706,0.256662939,0.126939658,0.898988828,-0.470485398,0.535646809,0.000787713,LV.longitudinal.strain.Segment.5...Instance.2,M51_status,Ell,0.898988828
M51_status,0.596203992,0.268481159,2.220654867,0.026380207,0.069973868,1.122434115,0.013574519,LV.longitudinal.strain.Segment.6...Instance.2,M51_status,Ell,0.092330723
M51_status,0.088409435,0.05402046,1.636591676,0.101723845,-0.017471991,0.19429086,0.008660537,LV.mean.myocardial.wall.thickness.AHA.1...Instance.2,M51_status,WT,0.277465974
M51_status,0.042757632,0.037603533,1.137064227,0.255518389,-0.030946215,0.11646148,0.005073833,LV.mean.myocardial.wall.thickness.AHA.10...Instance.2,M51_status,WT,0.361984385
M51_status,0.049330694,0.034964412,1.410882958,0.158287066,-0.019200412,0.117861799,0.006471091,LV.mean.myocardial.wall.thickness.AHA.11...Instance.2,M51_status,WT,0.298986679
M51_status,0.054568166,0.034907676,1.563213937,0.118010357,-0.013851735,0.122988068,0.007226865,LV.mean.myocardial.wall.thickness.AHA.12...Instance.2,M51_status,WT,0.277465974
M51_status,0.021865691,0.033750666,0.647859544,0.517079594,-0.044286441,0.088017823,0.003179372,LV.mean.myocardial.wall.thickness.AHA.13...Instance.2,M51_status,WT,0.623052104
M51_status,-0.005448816,0.035585309,-0.153119816,0.878304578,-0.075196894,0.064299262,-0.00072242,LV.mean.myocardial.wall.thickness.AHA.14...Instance.2,M51_status,WT,0.878304578
M51_status,0.0572776,0.035775941,1.601008897,0.109383009,-0.012844122,0.127399321,0.007753051,LV.mean.myocardial.wall.thickness.AHA.15...Instance.2,M51_status,WT,0.277465974
M51_status,0.046318496,0.036068118,1.28419497,0.199081336,-0.0243759,0.117012892,0.006282684,LV.mean.myocardial.wall.thickness.AHA.16...Instance.2,M51_status,WT,0.338438272
M51_status,0.13751618,0.060624788,2.26831607,0.023315365,0.01869011,0.25634225,0.013221039,LV.mean.myocardial.wall.thickness.AHA.2...Instance.2,M51_status,WT,0.198180603
M51_status,0.159441243,0.058392826,2.730493699,0.00632678,0.044989873,0.273892614,0.015569568,LV.mean.myocardial.wall.thickness.AHA.3...Instance.2,M51_status,WT,0.107555262
M51_status,0.03884381,0.047783267,0.812916581,0.416270825,-0.054812564,0.132500184,0.004131122,LV.mean.myocardial.wall.thickness.AHA.4...Instance.2,M51_status,WT,0.544354156
M51_status,0.062732911,0.041493288,1.511880915,0.130572223,-0.018594952,0.144060773,0.007560161,LV.mean.myocardial.wall.thickness.AHA.5...Instance.2,M51_status,WT,0.277465974
M51_status,0.06850847,0.042511401,1.611531678,0.107071941,-0.014814919,0.151831859,0.008099315,LV.mean.myocardial.wall.thickness.AHA.6...Instance.2,M51_status,WT,0.277465974
M51_status,0.041648989,0.03648106,1.14166058,0.253602108,-0.029854784,0.113152762,0.005364945,LV.mean.myocardial.wall.thickness.AHA.7...Instance.2,M51_status,WT,0.361984385
M51_status,0.025820862,0.043168796,0.598137186,0.549751856,-0.058791037,0.110432762,0.002887712,LV.mean.myocardial.wall.thickness.AHA.8...Instance.2,M51_status,WT,0.623052104
M51_status,0.008573234,0.046401304,0.184762773,0.853416064,-0.08237446,0.099520928,0.000842514,LV.mean.myocardial.wall.thickness.AHA.9...Instance.2,M51_status,WT,0.878304578
M51_status,0.059604598,0.030354556,1.963612921,0.049582057,0.000108924,0.119100272,0.008625362,LV.mean.myocardial.wall.thickness.global...Instance.2,M51_status,WT,0.277465974
M51_status,0.978157134,0.789113815,1.239564072,0.21514409,-0.568525236,2.524839504,0.004931658,LV.myocardial.mass...Instance.2,M51_status,LV,0.502367975
M51_status,-1.067446606,0.70888364,-1.505813572,0.132123102,-2.456875946,0.321982734,-0.009167007,LV.radial.strain.AHA.1...Instance.2,M51_status,Err,0.449218548
M51_status,-1.237341814,0.733324284,-1.687305113,0.091552661,-2.674675417,0.199991789,-0.010132967,LV.radial.strain.AHA.10...Instance.2,M51_status,Err,0.389098809
M51_status,-0.480290129,0.674761511,-0.711792421,0.476597566,-1.802839259,0.842259,-0.004238368,LV.radial.strain.AHA.11...Instance.2,M51_status,Err,0.643343939
M51_status,-0.276306295,0.694334303,-0.39794418,0.690673502,-1.637218578,1.084605988,-0.002374937,LV.radial.strain.AHA.12...Instance.2,M51_status,Err,0.774903297
M51_status,-0.911880108,0.732554256,-1.244795317,0.213214446,-2.347704437,0.523944222,-0.007546565,LV.radial.strain.AHA.13...Instance.2,M51_status,Err,0.57491439
M51_status,-1.205489501,0.691673516,-1.742859127,0.081366073,-2.561186577,0.150207575,-0.010510621,LV.radial.strain.AHA.14...Instance.2,M51_status,Err,0.389098809
M51_status,-1.508299179,0.785366067,-1.920504645,0.054801439,-3.047635954,0.031037596,-0.011640945,LV.radial.strain.AHA.15...Instance.2,M51_status,Err,0.389098809
M51_status,-0.820513352,0.744691041,-1.101817139,0.270547948,-2.280126078,0.639099373,-0.006747845,LV.radial.strain.AHA.16...Instance.2,M51_status,Err,0.57491439
M51_status,-0.28044644,0.62706803,-0.447234474,0.654708246,-1.509515176,0.948622296,-0.002654548,LV.radial.strain.AHA.2...Instance.2,M51_status,Err,0.774903297
M51_status,-0.038569903,0.707989485,-0.054478073,0.956554556,-1.426246677,1.349106872,-0.000315884,LV.radial.strain.AHA.3...Instance.2,M51_status,Err,0.956554556
M51_status,-0.636021029,0.925542723,-0.68718711,0.491968895,-2.450107492,1.178065434,-0.00397928,LV.radial.strain.AHA.4...Instance.2,M51_status,Err,0.643343939
M51_status,-0.852122526,0.848035986,-1.004818828,0.314990303,-2.514293881,0.81004883,-0.006016693,LV.radial.strain.AHA.5...Instance.2,M51_status,Err,0.594981684
M51_status,-0.340133036,0.982953399,-0.346031701,0.72932075,-2.266745835,1.586479762,-0.002128605,LV.radial.strain.AHA.6...Instance.2,M51_status,Err,0.774903297
M51_status,-0.547693607,0.7116386,-0.769623242,0.441528055,-1.942522738,0.847135524,-0.004608548,LV.radial.strain.AHA.7...Instance.2,M51_status,Err,0.643343939
M51_status,-0.465109565,0.570863169,-0.814747893,0.415221586,-1.584015394,0.653796265,-0.004891477,LV.radial.strain.AHA.8...Instance.2,M51_status,Err,0.643343939
M51_status,-0.747409657,0.63546248,-1.176166463,0.239535512,-1.992931721,0.498112406,-0.006995307,LV.radial.strain.AHA.9...Instance.2,M51_status,Err,0.57491439
M51_status,-0.800279518,0.432402195,-1.8507758,0.064209338,-1.647798438,0.047239401,-0.010752285,LV.radial.strain.global...Instance.2,M51_status,Err,0.389098809
M51_status,-0.483355572,0.89987187,-0.537138217,0.59117519,-2.247126436,1.280415292,-0.002819066,LV.stroke.volume...Instance.2,M51_status,LV,0.718462538
M51_status,0.530895933,0.502707195,1.05607387,0.29094104,-0.45442279,1.516214657,0.006318632,RA.ejection.fraction...Instance.2,M51_status,RA,0.96501739
M51_status,0.061060013,1.392203538,0.043858539,0.96501739,-2.667693872,2.789813899,0.000246493,RA.maximum.volume...Instance.2,M51_status,RA,0.96501739
M51_status,0.146961005,0.959337804,0.153190048,0.878249202,-1.733365176,2.027287185,0.000852827,RA.minimum.volume...Instance.2,M51_status,RA,0.96501739
M51_status,-0.085899531,0.713512242,-0.120389709,0.904175066,-1.484401438,1.312602376,-0.000723533,RA.stroke.volume...Instance.2,M51_status,RA,0.96501739
M51_status,-0.076688496,0.322879102,-0.237514584,0.812258846,-0.70953943,0.556162438,-0.001382669,RV.ejection.fraction...Instance.2,M51_status,RV,0.812258846
M51_status,-0.877072957,1.505592433,-0.582543414,0.560204055,-3.828070935,2.073925021,-0.002650255,RV.end.diastolic.volume...Instance.2,M51_status,RV,0.812258846
M51_status,-0.557190384,0.87454502,-0.637120299,0.524050205,-2.271320004,1.156939235,-0.002951946,RV.end.systolic.volume...Instance.2,M51_status,RV,0.812258846
M51_status,-0.319888604,0.936652339,-0.341523307,0.732711491,-2.155750088,1.51597288,-0.001765219,RV.stroke.volume...Instance.2,M51_status,RV,0.812258846
